Date,Player,H1,H2,H3,H4,H5,H6,H7,H8,H9,H10,H11,H12,H13,H14,H15,H16,H17,H18,Gross_Score,Round_Handicap,Partner,Team_Rank,Individual_Rank
2024-11-23,Andy Meach,5.0,5.0,4.0,6.0,5.0,4.0,3.0,4.0,5.0,4.0,4.0,5.0,4.0,5.0,4.0,5.0,4.0,5.0,81.0,4.5,,,
2024-11-23,Chris Beck,5.0,5.0,4.0,5.0,5.0,6.0,4.0,5.0,5.0,4.0,7.0,4.0,5.0,4.0,4.0,4.0,4.0,6.0,86.0,13.8,,,
2024-11-23,Chris Husong,4.0,4.0,4.0,6.0,5.0,4.0,4.0,5.0,5.0,5.0,6.0,5.0,3.0,4.0,5.0,3.0,4.0,5.0,81.0,13.0,,,
2024-11-23,Christopher Royce,5.0,6.0,4.0,7.0,4.0,5.0,4.0,7.0,8.0,6.0,6.0,5.0,4.0,5.0,6.0,6.0,4.0,6.0,98.0,18.1,,,
2024-11-23,Derek Becko,4.0,4.0,4.0,7.0,6.0,5.0,4.0,6.0,5.0,4.0,4.0,4.0,3.0,5.0,4.0,4.0,4.0,5.0,82.0,5.0,,,
2024-11-23,Eric Weiss,4.0,4.0,2.0,5.0,4.0,4.0,2.0,5.0,5.0,3.0,5.0,5.0,3.0,4.0,4.0,4.0,4.0,5.0,72.0,1.0,,,
2024-11-23,Greg Funk,4.0,4.0,3.0,5.0,4.0,3.0,2.0,5.0,5.0,4.0,7.0,6.0,3.0,4.0,4.0,5.0,3.0,5.0,76.0,4.6,,,
2024-11-23,Jon Vrolyks,5.0,5.0,4.0,5.0,5.0,4.0,4.0,4.0,7.0,4.0,5.0,5.0,3.0,4.0,4.0,5.0,3.0,5.0,81.0,4.2,,,
2024-11-23,Justin Deuker,4.0,4.0,4.0,5.0,5.0,6.0,2.0,6.0,6.0,5.0,4.0,5.0,3.0,4.0,4.0,3.0,4.0,5.0,79.0,4.2,,,
2024-11-23,Kevin Barber,5.0,5.0,5.0,6.0,5.0,5.0,3.0,5.0,5.0,4.0,6.0,5.0,3.0,5.0,4.0,5.0,4.0,6.0,86.0,16.7,,,
2024-11-23,Mike Muller,4.0,3.0,4.0,5.0,4.0,4.0,4.0,4.0,6.0,4.0,6.0,5.0,3.0,3.0,4.0,3.0,4.0,5.0,75.0,5.7,,,
2024-11-23,Mike Wilkins,4.0,5.0,4.0,6.0,4.0,4.0,4.0,5.0,6.0,6.0,5.0,5.0,4.0,5.0,4.0,4.0,4.0,7.0,86.0,10.6,,,
2024-11-23,Neil Harris,3.0,4.0,2.0,5.0,4.0,4.0,4.0,3.0,5.0,5.0,4.0,4.0,3.0,4.0,4.0,3.0,2.0,5.0,68.0,-1.1,,,
2024-11-23,Patrick Schueppert,5.0,5.0,5.0,5.0,4.0,5.0,4.0,5.0,8.0,4.0,5.0,6.0,4.0,4.0,4.0,6.0,4.0,5.0,88.0,13.4,,,
2024-11-23,Paul Benga,5.0,4.0,3.0,5.0,5.0,4.0,2.0,5.0,6.0,5.0,4.0,5.0,4.0,4.0,4.0,4.0,4.0,5.0,78.0,3.6,,,
2024-11-23,Rich Fagan,6.0,4.0,3.0,7.0,5.0,6.0,4.0,4.0,5.0,5.0,6.0,5.0,3.0,5.0,4.0,3.0,4.0,7.0,86.0,12.8,,,
2024-11-23,Richard Lederman,4.0,5.0,4.0,5.0,5.0,4.0,4.0,6.0,6.0,5.0,5.0,6.0,3.0,5.0,5.0,6.0,4.0,6.0,88.0,12.1,,,
2024-11-23,Rob Oliver,4.0,4.0,4.0,6.0,5.0,4.0,4.0,6.0,8.0,6.0,5.0,6.0,4.0,4.0,5.0,5.0,4.0,5.0,89.0,16.3,,,
2024-11-23,Robert Hill,6.0,5.0,4.0,7.0,8.0,4.0,4.0,5.0,6.0,6.0,6.0,6.0,4.0,5.0,6.0,4.0,3.0,6.0,95.0,19.6,,,
2024-11-23,Ron Marino,5.0,4.0,3.0,6.0,5.0,3.0,3.0,5.0,5.0,4.0,5.0,5.0,4.0,4.0,4.0,4.0,5.0,5.0,79.0,7.0,,,
2024-11-23,Scott Benton,5.0,4.0,4.0,5.0,4.0,4.0,3.0,5.0,5.0,5.0,6.0,5.0,3.0,3.0,5.0,3.0,4.0,6.0,79.0,10.5,,,
2024-11-23,Scott Bracken,4.0,5.0,3.0,5.0,5.0,4.0,3.0,4.0,6.0,3.0,5.0,6.0,3.0,5.0,4.0,5.0,3.0,6.0,79.0,8.1,,,
2024-11-23,Shane Bolosan,4.0,4.0,4.0,6.0,5.0,3.0,4.0,4.0,6.0,4.0,6.0,5.0,4.0,3.0,4.0,4.0,5.0,5.0,80.0,12.3,,,
2024-11-23,Zach Coe,4.0,3.0,4.0,5.0,4.0,4.0,4.0,5.0,4.0,4.0,4.0,4.0,3.0,4.0,3.0,3.0,3.0,4.0,69.0,1.5,,,
2024-11-23,Zach Fleishman,4.0,6.0,4.0,6.0,5.0,6.0,5.0,6.0,4.0,5.0,5.0,5.0,5.0,5.0,5.0,4.0,4.0,5.0,89.0,13.4,,,
2024-11-23,Zane Eisenbarth,4.0,5.0,3.0,6.0,5.0,5.0,4.0,5.0,5.0,5.0,4.0,5.0,3.0,4.0,5.0,5.0,3.0,5.0,81.0,5.8,,,
2024-12-14,Andy Meach,6.0,4.0,3.0,5.0,6.0,5.0,3.0,6.0,6.0,4.0,6.0,5.0,3.0,4.0,5.0,4.0,4.0,5.0,84.0,4.7,,,
2024-12-14,Ben Magnone,5.0,4.0,4.0,6.0,5.0,5.0,4.0,6.0,6.0,5.0,4.0,7.0,3.0,5.0,4.0,4.0,3.0,5.0,85.0,13.6,,,
2024-12-14,Chris Beck,6.0,5.0,4.0,6.0,6.0,4.0,3.0,7.0,5.0,4.0,7.0,5.0,3.0,5.0,4.0,4.0,4.0,6.0,88.0,13.8,,,
2024-12-14,Chris Husong,5.0,5.0,4.0,5.0,5.0,5.0,3.0,6.0,7.0,4.0,6.0,5.0,4.0,5.0,4.0,5.0,5.0,5.0,88.0,12.4,,,
2024-12-14,Chris Ryan,7.0,4.0,3.0,8.0,6.0,7.0,4.0,8.0,6.0,3.0,6.0,4.0,4.0,6.0,5.0,4.0,4.0,6.0,95.0,17.7,,,
2024-12-14,Christopher Royce,5.0,5.0,4.0,5.0,6.0,4.0,6.0,6.0,7.0,6.0,6.0,6.0,4.0,6.0,5.0,5.0,4.0,6.0,96.0,18.3,,,
2024-12-14,Clark Koch,4.0,5.0,4.0,5.0,4.0,3.0,5.0,5.0,5.0,4.0,5.0,6.0,3.0,4.0,6.0,5.0,4.0,7.0,84.0,7.8,,,
2024-12-14,David Edwards,6.0,5.0,3.0,5.0,5.0,4.0,3.0,5.0,5.0,4.0,4.0,6.0,4.0,6.0,4.0,3.0,4.0,6.0,82.0,6.8,,,
2024-12-14,Derek Becko,4.0,4.0,4.0,5.0,5.0,5.0,3.0,5.0,4.0,6.0,6.0,5.0,4.0,4.0,5.0,4.0,4.0,7.0,84.0,5.2,,,
2024-12-14,Eric Weiss,4.0,4.0,3.0,5.0,4.0,5.0,3.0,4.0,5.0,4.0,5.0,4.0,3.0,4.0,4.0,4.0,3.0,4.0,72.0,1.2,,,
2024-12-14,Frank Angeloro,5.0,5.0,4.0,4.0,5.0,4.0,3.0,5.0,5.0,4.0,5.0,5.0,5.0,4.0,6.0,5.0,4.0,6.0,84.0,7.8,,,
2024-12-14,Greg Funk,6.0,4.0,3.0,5.0,4.0,4.0,4.0,6.0,5.0,4.0,5.0,4.0,4.0,6.0,3.0,3.0,4.0,5.0,79.0,3.6,,,
2024-12-14,James Feutz,4.0,5.0,4.0,4.0,5.0,2.0,3.0,5.0,4.0,4.0,5.0,4.0,3.0,4.0,4.0,4.0,4.0,6.0,74.0,-0.5,,,
2024-12-14,Jared Strathe,4.0,3.0,3.0,4.0,5.0,3.0,2.0,5.0,3.0,4.0,4.0,3.0,3.0,4.0,5.0,4.0,3.0,5.0,67.0,-3.5,,,
2024-12-14,Jim Brown,4.0,5.0,3.0,5.0,5.0,5.0,3.0,4.0,5.0,6.0,6.0,4.0,3.0,4.0,4.0,4.0,3.0,5.0,78.0,6.2,,,
2024-12-14,Justin Deuker,4.0,4.0,4.0,5.0,4.0,5.0,4.0,5.0,5.0,6.0,5.0,4.0,3.0,5.0,4.0,4.0,4.0,6.0,81.0,5.6,,,
2024-12-14,Kevin Barber,5.0,4.0,4.0,6.0,5.0,5.0,5.0,6.0,5.0,5.0,6.0,5.0,3.0,5.0,5.0,4.0,5.0,6.0,89.0,14.4,,,
2024-12-14,Kiernan Mattson,4.0,4.0,3.0,5.0,4.0,3.0,3.0,5.0,4.0,4.0,4.0,4.0,3.0,4.0,4.0,3.0,3.0,5.0,69.0,2.9,,,
2024-12-14,Mark Lewis,4.0,5.0,3.0,6.0,6.0,4.0,4.0,4.0,5.0,4.0,5.0,4.0,5.0,5.0,5.0,3.0,4.0,5.0,81.0,11.4,,,
2024-12-14,Matt Neimeier,5.0,7.0,4.0,8.0,6.0,6.0,3.0,6.0,7.0,4.0,5.0,6.0,4.0,6.0,4.0,4.0,3.0,5.0,93.0,11.3,,,
2024-12-14,Neil Harris,3.0,4.0,3.0,5.0,4.0,3.0,3.0,5.0,6.0,4.0,4.0,4.0,3.0,3.0,4.0,4.0,3.0,5.0,70.0,-1.4,,,
2024-12-14,Patrick Schueppert,5.0,5.0,4.0,6.0,7.0,5.0,5.0,5.0,6.0,4.0,4.0,6.0,3.0,5.0,7.0,5.0,4.0,4.0,90.0,13.7,,,
2024-12-14,Paul Benga,5.0,4.0,4.0,5.0,5.0,4.0,4.0,4.0,5.0,4.0,6.0,6.0,3.0,4.0,4.0,4.0,3.0,5.0,79.0,3.8,,,
2024-12-14,Richard Lederman,4.0,5.0,4.0,6.0,5.0,4.0,5.0,5.0,6.0,4.0,7.0,5.0,3.0,6.0,5.0,4.0,4.0,7.0,89.0,12.1,,,
2024-12-14,Rick Deloney,6.0,4.0,3.0,6.0,5.0,5.0,4.0,5.0,7.0,5.0,5.0,5.0,3.0,6.0,4.0,5.0,4.0,5.0,87.0,7.1,,,
2024-12-14,Robert Hill,6.0,6.0,2.0,7.0,7.0,4.0,5.0,6.0,6.0,4.0,6.0,6.0,4.0,4.0,7.0,4.0,4.0,6.0,94.0,19.1,,,
2024-12-14,Ron Marino,6.0,5.0,4.0,5.0,4.0,4.0,3.0,5.0,5.0,5.0,5.0,6.0,4.0,4.0,4.0,4.0,4.0,5.0,82.0,7.3,,,
2024-12-14,Scott Benton,5.0,5.0,3.0,5.0,5.0,5.0,3.0,5.0,6.0,4.0,5.0,6.0,4.0,6.0,4.0,8.0,3.0,5.0,87.0,10.0,,,
2024-12-14,Scott Bracken,6.0,5.0,3.0,4.0,6.0,3.0,4.0,6.0,5.0,4.0,4.0,5.0,5.0,4.0,5.0,4.0,4.0,6.0,83.0,8.1,,,
2024-12-14,Scott Lucas,4.0,4.0,4.0,6.0,7.0,4.0,4.0,5.0,6.0,5.0,6.0,4.0,3.0,4.0,5.0,3.0,3.0,5.0,82.0,10.5,,,
2024-12-14,Shane Bolosan,5.0,4.0,4.0,6.0,4.0,3.0,3.0,8.0,5.0,5.0,5.0,5.0,2.0,5.0,5.0,3.0,4.0,6.0,82.0,10.6,,,
2024-12-14,Todd Densley,4.0,4.0,2.0,5.0,4.0,4.0,3.0,4.0,5.0,4.0,3.0,4.0,3.0,5.0,4.0,3.0,4.0,5.0,70.0,-0.7,,,
2024-12-14,Tracy Copenhaver,4.0,5.0,4.0,8.0,5.0,4.0,4.0,6.0,6.0,5.0,5.0,5.0,4.0,5.0,4.0,3.0,4.0,6.0,87.0,14.3,,,
2024-12-14,Zach Mattson,4.0,5.0,5.0,6.0,4.0,6.0,4.0,5.0,6.0,4.0,6.0,4.0,3.0,5.0,5.0,5.0,5.0,7.0,89.0,8.4,,,
2025-02-08,Andy Meach,5.0,6.0,3.0,5.0,4.0,4.0,3.0,5.0,3.0,4.0,5.0,5.0,3.0,6.0,4.0,5.0,3.0,5.0,78.0,,,,
2025-02-08,Buddy Goldstone,4.0,5.0,4.0,6.0,6.0,6.0,3.0,7.0,7.0,3.0,5.0,6.0,4.0,4.0,6.0,6.0,5.0,9.0,96.0,13.6,,,
2025-02-08,Chris Beck,4.0,4.0,4.0,9.0,5.0,7.0,3.0,5.0,7.0,4.0,5.0,6.0,4.0,5.0,4.0,4.0,4.0,6.0,90.0,15.4,,,
2025-02-08,Chris Husong,5.0,5.0,3.0,6.0,5.0,6.0,4.0,6.0,4.0,4.0,5.0,5.0,4.0,5.0,5.0,5.0,3.0,6.0,86.0,,,,
2025-02-08,Christopher Royce,6.0,5.0,6.0,6.0,4.0,6.0,4.0,5.0,7.0,4.0,5.0,5.0,4.0,5.0,4.0,4.0,5.0,5.0,90.0,13.5,,,
2025-02-08,Darrin Harn,5.0,4.0,3.0,5.0,5.0,4.0,3.0,5.0,5.0,5.0,5.0,3.0,4.0,6.0,4.0,3.0,3.0,5.0,77.0,0.0,,,
2025-02-08,Eric Weiss,4.0,4.0,3.0,5.0,4.0,3.0,3.0,4.0,5.0,4.0,4.0,4.0,3.0,4.0,5.0,4.0,3.0,6.0,72.0,0.0,,,
2025-02-08,Frank Angeloro,4.0,3.0,3.0,6.0,5.0,4.0,2.0,4.0,5.0,4.0,4.0,7.0,3.0,4.0,4.0,4.0,3.0,7.0,76.0,9.1,,,
2025-02-08,Greg Funk,4.0,4.0,3.0,5.0,4.0,4.0,4.0,4.0,5.0,4.0,4.0,4.0,4.0,4.0,4.0,3.0,3.0,5.0,72.0,2.8,,,
2025-02-08,James Feutz,5.0,3.0,3.0,5.0,4.0,4.0,2.0,4.0,4.0,4.0,4.0,4.0,3.0,4.0,4.0,4.0,4.0,5.0,70.0,,,,
2025-02-08,Jared Strathe,4.0,3.0,3.0,6.0,4.0,2.0,4.0,4.0,6.0,4.0,6.0,4.0,3.0,4.0,4.0,4.0,3.0,4.0,72.0,,,,
2025-02-08,Jim Restivo,4.0,5.0,3.0,6.0,6.0,5.0,4.0,7.0,6.0,5.0,6.0,5.0,5.0,4.0,5.0,5.0,4.0,5.0,90.0,13.7,,,
2025-02-08,Justin Deuker,5.0,5.0,3.0,7.0,4.0,4.0,3.0,4.0,4.0,4.0,4.0,5.0,4.0,4.0,4.0,4.0,4.0,5.0,77.0,5.0,,,
2025-02-08,Kiernan Mattson,4.0,4.0,2.0,5.0,5.0,3.0,3.0,4.0,5.0,3.0,5.0,4.0,3.0,5.0,4.0,4.0,3.0,5.0,71.0,,,,
2025-02-08,Matt Neimeier,5.0,4.0,4.0,5.0,5.0,6.0,4.0,4.0,5.0,4.0,6.0,5.0,3.0,5.0,4.0,4.0,4.0,5.0,82.0,11.7,,,
2025-02-08,Mike Muller,5.0,4.0,4.0,6.0,6.0,5.0,3.0,4.0,5.0,4.0,4.0,3.0,3.0,4.0,5.0,4.0,3.0,5.0,77.0,6.1,,,
2025-02-08,Neil Harris,4.0,4.0,3.0,4.0,3.0,3.0,3.0,4.0,4.0,4.0,5.0,4.0,2.0,5.0,3.0,4.0,4.0,5.0,68.0,-1.4,,,
2025-02-08,Patrick Schueppert,4.0,5.0,4.0,6.0,5.0,4.0,4.0,7.0,7.0,5.0,7.0,5.0,3.0,6.0,4.0,6.0,4.0,7.0,93.0,13.7,,,
2025-02-08,Paul Benga,7.0,4.0,4.0,5.0,5.0,4.0,4.0,5.0,5.0,4.0,6.0,5.0,3.0,4.0,4.0,4.0,4.0,5.0,82.0,4.7,,,
2025-02-08,Rich McKeon,5.0,4.0,4.0,6.0,6.0,6.0,3.0,7.0,6.0,4.0,6.0,5.0,3.0,6.0,5.0,4.0,3.0,8.0,91.0,,,,
2025-02-08,Richard Lederman,5.0,4.0,3.0,6.0,5.0,5.0,3.0,6.0,6.0,4.0,5.0,6.0,3.0,5.0,5.0,5.0,4.0,8.0,88.0,,,,
2025-02-08,Rick Deloney,5.0,4.0,4.0,6.0,6.0,5.0,3.0,4.0,6.0,4.0,6.0,5.0,3.0,5.0,5.0,4.0,4.0,6.0,85.0,7.4,,,
2025-02-08,Rob Oliver,8.0,5.0,6.0,6.0,4.0,5.0,4.0,6.0,5.0,5.0,7.0,6.0,4.0,5.0,5.0,6.0,4.0,5.0,96.0,17.0,,,
2025-02-08,Robert Hill,8.0,4.0,5.0,5.0,5.0,5.0,4.0,7.0,6.0,4.0,7.0,5.0,5.0,4.0,4.0,4.0,5.0,7.0,94.0,18.4,,,
2025-02-08,Ron Marino,4.0,3.0,3.0,5.0,5.0,4.0,4.0,5.0,6.0,5.0,5.0,6.0,3.0,5.0,3.0,4.0,3.0,5.0,78.0,,,,
2025-02-08,Scott Lucas,5.0,5.0,5.0,7.0,5.0,4.0,4.0,5.0,6.0,6.0,5.0,4.0,4.0,6.0,4.0,3.0,4.0,6.0,88.0,,,,
2025-02-08,Shane Bolosan,3.0,6.0,4.0,5.0,5.0,5.0,3.0,5.0,6.0,5.0,5.0,6.0,6.0,7.0,4.0,5.0,3.0,5.0,88.0,11.5,,,
2025-02-08,Steve McCormick,4.0,4.0,3.0,6.0,5.0,4.0,3.0,5.0,5.0,4.0,6.0,4.0,3.0,4.0,5.0,4.0,3.0,6.0,78.0,9.4,,,
2025-02-08,Steve Rosenbluth,5.0,5.0,4.0,5.0,6.0,5.0,4.0,6.0,6.0,4.0,5.0,5.0,5.0,5.0,5.0,6.0,4.0,5.0,90.0,9.0,,,
2025-02-08,Tracy Copenhaver,5.0,5.0,5.0,6.0,8.0,4.0,5.0,5.0,8.0,4.0,6.0,5.0,5.0,5.0,6.0,3.0,5.0,7.0,97.0,,,,
2025-02-08,Travis Ingram,4.0,4.0,4.0,5.0,5.0,4.0,3.0,4.0,6.0,4.0,5.0,5.0,4.0,4.0,5.0,3.0,3.0,6.0,78.0,7.9,,,
2025-02-08,Trent Dana,4.0,4.0,3.0,8.0,6.0,5.0,4.0,6.0,7.0,5.0,5.0,6.0,5.0,5.0,5.0,5.0,4.0,5.0,92.0,17.2,,,
2025-02-08,Zach Coe,4.0,3.0,2.0,5.0,4.0,4.0,4.0,4.0,5.0,5.0,7.0,5.0,3.0,4.0,3.0,3.0,3.0,4.0,72.0,,,,
2025-02-08,Zane Eisenbarth,4.0,4.0,4.0,6.0,4.0,4.0,3.0,4.0,5.0,4.0,5.0,5.0,3.0,6.0,4.0,4.0,3.0,6.0,78.0,6.5,,,
2025-03-08,Ben Magnone,6.0,4.0,4.0,5.0,7.0,4.0,4.0,5.0,7.0,3.0,6.0,4.0,3.0,8.0,6.0,4.0,4.0,5.0,89.0,13.3,,,
2025-03-08,Buddy Goldstone,5.0,4.0,3.0,6.0,5.0,5.0,4.0,6.0,5.0,4.0,5.0,5.0,4.0,3.0,5.0,4.0,3.0,8.0,84.0,13.6,,,
2025-03-08,Chris Beck,4.0,6.0,4.0,8.0,5.0,4.0,3.0,6.0,7.0,5.0,6.0,6.0,5.0,5.0,5.0,4.0,4.0,7.0,94.0,15.4,,,
2025-03-08,Chris Ryan,6.0,5.0,4.0,7.0,6.0,6.0,5.0,5.0,6.0,4.0,5.0,5.0,4.0,6.0,5.0,6.0,4.0,5.0,94.0,17.7,,,
2025-03-08,Christopher Royce,5.0,6.0,3.0,6.0,8.0,7.0,3.0,6.0,5.0,4.0,4.0,5.0,3.0,4.0,7.0,5.0,4.0,5.0,90.0,13.5,,,
2025-03-08,Clark Koch,6.0,4.0,4.0,5.0,6.0,4.0,3.0,5.0,4.0,4.0,7.0,3.0,3.0,4.0,4.0,6.0,5.0,6.0,83.0,8.4,,,
2025-03-08,David Edwards,5.0,4.0,5.0,6.0,5.0,5.0,4.0,5.0,6.0,4.0,4.0,4.0,3.0,4.0,4.0,4.0,4.0,5.0,81.0,8.6,,,
2025-03-08,Derek Becko,5.0,4.0,3.0,7.0,7.0,5.0,3.0,4.0,4.0,3.0,4.0,5.0,3.0,4.0,3.0,5.0,4.0,8.0,81.0,6.0,,,
2025-03-08,Eric Weiss,5.0,4.0,3.0,5.0,4.0,4.0,3.0,4.0,5.0,4.0,4.0,5.0,4.0,3.0,3.0,5.0,3.0,5.0,73.0,0.0,,,
2025-03-08,Frank Angeloro,4.0,4.0,4.0,5.0,4.0,4.0,4.0,5.0,5.0,3.0,5.0,4.0,5.0,5.0,5.0,4.0,4.0,6.0,80.0,9.1,,,
2025-03-08,Greg Funk,5.0,4.0,3.0,5.0,5.0,4.0,3.0,4.0,5.0,4.0,4.0,5.0,3.0,5.0,4.0,4.0,3.0,4.0,74.0,2.8,,,
2025-03-08,Jim Restivo,5.0,4.0,4.0,5.0,6.0,5.0,4.0,5.0,5.0,4.0,6.0,5.0,3.0,4.0,6.0,5.0,3.0,7.0,86.0,13.7,,,
2025-03-08,Justin Deuker,4.0,3.0,3.0,6.0,5.0,4.0,3.0,4.0,5.0,4.0,6.0,4.0,3.0,4.0,5.0,4.0,3.0,5.0,75.0,5.0,,,
2025-03-08,Mark James,5.0,5.0,5.0,7.0,5.0,4.0,4.0,5.0,5.0,4.0,5.0,6.0,4.0,5.0,4.0,5.0,3.0,7.0,88.0,10.1,,,
2025-03-08,Mark Lewis,6.0,3.0,5.0,5.0,5.0,4.0,4.0,7.0,5.0,7.0,7.0,6.0,3.0,5.0,6.0,5.0,4.0,6.0,93.0,10.8,,,
2025-03-08,Matt Neimeier,4.0,5.0,4.0,5.0,5.0,5.0,3.0,6.0,8.0,6.0,5.0,5.0,3.0,4.0,3.0,3.0,4.0,5.0,83.0,11.7,,,
2025-03-08,Mike Muller,5.0,5.0,4.0,6.0,7.0,5.0,4.0,3.0,7.0,4.0,5.0,4.0,3.0,4.0,4.0,4.0,3.0,5.0,82.0,6.1,,,
2025-03-08,Neil Harris,4.0,5.0,4.0,6.0,5.0,4.0,4.0,4.0,4.0,4.0,5.0,4.0,4.0,3.0,4.0,4.0,4.0,5.0,77.0,-1.4,,,
2025-03-08,Patrick Schueppert,5.0,5.0,4.0,6.0,6.0,4.0,5.0,6.0,9.0,6.0,5.0,5.0,5.0,4.0,5.0,5.0,4.0,5.0,94.0,13.7,,,
2025-03-08,Paul Benga,5.0,4.0,3.0,6.0,5.0,5.0,3.0,5.0,5.0,6.0,5.0,5.0,3.0,4.0,4.0,3.0,4.0,5.0,80.0,4.7,,,
2025-03-08,Rick Deloney,4.0,5.0,2.0,6.0,6.0,5.0,4.0,4.0,5.0,5.0,6.0,5.0,3.0,3.0,5.0,4.0,3.0,6.0,81.0,7.4,,,
2025-03-08,Rob Oliver,5.0,4.0,4.0,7.0,6.0,4.0,3.0,6.0,6.0,5.0,5.0,6.0,2.0,5.0,5.0,5.0,3.0,5.0,86.0,17.0,,,
2025-03-08,Robert Hill,6.0,7.0,3.0,7.0,6.0,4.0,5.0,6.0,7.0,5.0,5.0,6.0,4.0,6.0,5.0,6.0,5.0,7.0,100.0,18.4,,,
2025-03-08,Ron Amstutz,5.0,4.0,4.0,6.0,5.0,6.0,3.0,6.0,6.0,5.0,5.0,4.0,3.0,4.0,4.0,4.0,3.0,4.0,81.0,11.2,,,
2025-03-08,Scott Bracken,5.0,5.0,3.0,6.0,5.0,4.0,4.0,6.0,5.0,4.0,5.0,5.0,3.0,4.0,4.0,4.0,3.0,5.0,80.0,9.3,,,
2025-03-08,Shane Bolosan,5.0,5.0,4.0,6.0,4.0,4.0,3.0,5.0,7.0,4.0,5.0,6.0,6.0,5.0,4.0,3.0,4.0,7.0,87.0,11.5,,,
2025-03-08,Steve McCormick,5.0,4.0,4.0,6.0,5.0,3.0,3.0,5.0,5.0,6.0,5.0,5.0,4.0,5.0,4.0,5.0,4.0,5.0,83.0,9.4,,,
2025-03-08,Steve Rosenbluth,4.0,5.0,4.0,6.0,5.0,4.0,4.0,5.0,6.0,5.0,5.0,5.0,4.0,5.0,5.0,4.0,3.0,6.0,85.0,9.0,,,
2025-03-08,Thomas Earl,5.0,4.0,3.0,5.0,5.0,4.0,3.0,4.0,5.0,5.0,6.0,6.0,5.0,5.0,4.0,5.0,4.0,5.0,83.0,5.8,,,
2025-03-08,Travis Ingram,6.0,3.0,3.0,5.0,5.0,4.0,4.0,6.0,4.0,3.0,5.0,5.0,4.0,4.0,4.0,3.0,4.0,6.0,78.0,7.9,,,
2025-03-08,Travis Jorgensen,4.0,6.0,4.0,5.0,5.0,4.0,3.0,5.0,7.0,5.0,5.0,5.0,3.0,5.0,5.0,4.0,4.0,5.0,84.0,8.7,,,
2025-03-08,Trent Dana,7.0,6.0,4.0,6.0,5.0,6.0,5.0,6.0,7.0,5.0,5.0,6.0,4.0,4.0,5.0,4.0,4.0,6.0,95.0,17.2,,,
2025-03-08,Zach Fleishman,5.0,5.0,3.0,6.0,3.0,5.0,4.0,5.0,5.0,4.0,6.0,6.0,3.0,6.0,5.0,5.0,4.0,7.0,87.0,13.2,,,
2025-03-08,Zane Eisenbarth,6.0,4.0,4.0,5.0,4.0,5.0,3.0,5.0,5.0,5.0,4.0,5.0,4.0,4.0,5.0,5.0,4.0,7.0,84.0,6.5,,,
2025-04-05,Andy Meach,6.0,6.0,2.0,5.0,4.0,5.0,4.0,4.0,6.0,4.0,5.0,4.0,5.0,5.0,4.0,3.0,4.0,5.0,81.0,5.9,,,
2025-04-05,Ben Magnone,4.0,4.0,4.0,6.0,5.0,4.0,5.0,4.0,5.0,4.0,5.0,4.0,4.0,4.0,5.0,4.0,3.0,6.0,80.0,13.2,,,
2025-04-05,Buddy Goldstone,5.0,4.0,7.0,6.0,4.0,5.0,4.0,5.0,6.0,4.0,5.0,7.0,5.0,4.0,6.0,5.0,4.0,8.0,94.0,13.0,,,
2025-04-05,Chris Beck,4.0,4.0,5.0,6.0,5.0,5.0,4.0,5.0,5.0,5.0,5.0,4.0,5.0,5.0,4.0,4.0,5.0,7.0,87.0,13.9,,,
2025-04-05,Chris Husong,5.0,6.0,4.0,6.0,5.0,4.0,4.0,5.0,5.0,5.0,5.0,5.0,2.0,5.0,5.0,4.0,4.0,6.0,85.0,10.5,,,
2025-04-05,Christopher Royce,6.0,5.0,6.0,7.0,6.0,6.0,3.0,6.0,6.0,5.0,5.0,6.0,3.0,5.0,5.0,4.0,2.0,5.0,91.0,13.1,,,
2025-04-05,Clark Koch,4.0,4.0,4.0,5.0,4.0,4.0,3.0,5.0,5.0,4.0,6.0,4.0,3.0,4.0,4.0,5.0,4.0,6.0,78.0,8.5,,,
2025-04-05,Dean Fisk,5.0,5.0,4.0,7.0,4.0,4.0,4.0,5.0,5.0,4.0,6.0,5.0,3.0,7.0,4.0,3.0,3.0,5.0,83.0,10.4,,,
2025-04-05,Derek Becko,4.0,5.0,4.0,5.0,5.0,4.0,5.0,5.0,6.0,4.0,7.0,4.0,3.0,4.0,3.0,4.0,4.0,7.0,83.0,6.0,,,
2025-04-05,Frank Angeloro,5.0,5.0,3.0,5.0,5.0,4.0,5.0,5.0,6.0,4.0,6.0,4.0,3.0,5.0,4.0,5.0,5.0,5.0,84.0,8.0,,,
2025-04-05,Greg Funk,3.0,4.0,3.0,5.0,4.0,4.0,2.0,4.0,4.0,5.0,5.0,4.0,3.0,4.0,7.0,5.0,3.0,7.0,79.0,2.2,,,
2025-04-05,Hans Anderson,4.0,3.0,3.0,6.0,3.0,5.0,3.0,3.0,4.0,3.0,4.0,4.0,3.0,4.0,3.0,4.0,3.0,5.0,67.0,-0.1,,,
2025-04-05,Jim Restivo,7.0,5.0,3.0,5.0,5.0,5.0,5.0,7.0,6.0,5.0,6.0,6.0,3.0,5.0,4.0,6.0,3.0,6.0,92.0,13.7,,,
2025-04-05,Jon Vrolyks,4.0,4.0,4.0,5.0,5.0,5.0,4.0,5.0,6.0,4.0,5.0,4.0,4.0,5.0,5.0,4.0,3.0,6.0,82.0,5.0,,,
2025-04-05,Justin Deuker,4.0,4.0,5.0,5.0,4.0,5.0,3.0,5.0,6.0,4.0,6.0,4.0,5.0,4.0,4.0,3.0,4.0,5.0,80.0,4.6,,,
2025-04-05,Kevin Barber,5.0,5.0,5.0,6.0,7.0,6.0,4.0,5.0,6.0,6.0,6.0,5.0,3.0,4.0,4.0,4.0,4.0,6.0,91.0,17.4,,,
2025-04-05,Kiernan Mattson,4.0,4.0,3.0,5.0,5.0,6.0,3.0,3.0,6.0,4.0,5.0,4.0,3.0,4.0,4.0,4.0,4.0,5.0,76.0,1.9,,,
2025-04-05,Korey Jerome,4.0,4.0,3.0,9.0,8.0,5.0,2.0,5.0,7.0,6.0,6.0,4.0,4.0,4.0,4.0,4.0,4.0,6.0,89.0,10.2,,,
2025-04-05,Mark Lewis,6.0,5.0,4.0,7.0,6.0,4.0,5.0,6.0,6.0,4.0,5.0,4.0,3.0,4.0,5.0,5.0,4.0,5.0,88.0,11.7,,,
2025-04-05,Matt Neimeier,5.0,5.0,4.0,8.0,4.0,5.0,4.0,6.0,6.0,5.0,8.0,8.0,3.0,4.0,4.0,5.0,4.0,8.0,96.0,13.1,,,
2025-04-05,Mike Muller,6.0,4.0,3.0,6.0,5.0,4.0,4.0,5.0,5.0,5.0,4.0,5.0,3.0,5.0,4.0,3.0,3.0,6.0,80.0,7.1,,,
2025-04-05,Neil Harris,5.0,3.0,3.0,5.0,3.0,4.0,4.0,4.0,4.0,4.0,5.0,4.0,3.0,4.0,4.0,3.0,4.0,5.0,71.0,-1.6,,,
2025-04-05,Patrick Schueppert,6.0,5.0,5.0,6.0,6.0,4.0,4.0,4.0,6.0,7.0,7.0,4.0,4.0,5.0,6.0,7.0,4.0,7.0,97.0,13.7,,,
2025-04-05,Paul Benga,5.0,4.0,4.0,6.0,4.0,6.0,4.0,6.0,5.0,3.0,5.0,5.0,3.0,4.0,5.0,4.0,3.0,6.0,82.0,4.6,,,
2025-04-05,Rich Fagan,6.0,5.0,4.0,5.0,7.0,3.0,4.0,6.0,5.0,3.0,6.0,6.0,4.0,5.0,4.0,4.0,4.0,7.0,88.0,13.7,,,
2025-04-05,Richard Lederman,5.0,5.0,4.0,7.0,5.0,4.0,4.0,6.0,5.0,4.0,5.0,4.0,3.0,5.0,4.0,5.0,4.0,6.0,85.0,10.9,,,
2025-04-05,Rick Deloney,4.0,4.0,4.0,6.0,5.0,3.0,3.0,5.0,5.0,5.0,5.0,5.0,3.0,4.0,5.0,4.0,3.0,5.0,78.0,7.3,,,
2025-04-05,Robert Hill,6.0,7.0,3.0,6.0,6.0,7.0,5.0,5.0,4.0,6.0,8.0,6.0,5.0,6.0,6.0,3.0,5.0,7.0,101.0,18.6,,,
2025-04-05,Ron Amstutz,4.0,4.0,4.0,5.0,4.0,4.0,4.0,5.0,7.0,4.0,4.0,4.0,6.0,5.0,5.0,5.0,6.0,5.0,85.0,10.9,,,
2025-04-05,Scott Bracken,4.0,4.0,4.0,6.0,5.0,4.0,3.0,5.0,5.0,5.0,5.0,5.0,4.0,4.0,4.0,4.0,4.0,5.0,80.0,9.3,,,
2025-04-05,Shane Bolosan,4.0,5.0,3.0,6.0,5.0,4.0,5.0,4.0,5.0,6.0,4.0,5.0,3.0,5.0,5.0,4.0,3.0,5.0,81.0,10.7,,,
2025-04-05,Shawn Warner,4.0,5.0,4.0,7.0,5.0,5.0,4.0,4.0,5.0,6.0,4.0,5.0,5.0,5.0,5.0,5.0,4.0,6.0,88.0,12.8,,,
2025-04-05,Steve McCormick,5.0,5.0,3.0,6.0,4.0,4.0,4.0,4.0,5.0,6.0,5.0,5.0,4.0,5.0,4.0,4.0,4.0,6.0,83.0,9.1,,,
2025-04-05,Steve Rosenbluth,5.0,4.0,3.0,7.0,4.0,4.0,4.0,6.0,5.0,5.0,6.0,5.0,5.0,4.0,4.0,5.0,3.0,5.0,84.0,8.7,,,
2025-04-05,Thomas Earl,5.0,5.0,4.0,5.0,5.0,3.0,3.0,5.0,7.0,6.0,5.0,3.0,4.0,6.0,4.0,5.0,2.0,6.0,83.0,4.9,,,
2025-04-05,Todd Densley,4.0,3.0,4.0,5.0,4.0,4.0,4.0,4.0,8.0,5.0,4.0,4.0,3.0,4.0,4.0,6.0,3.0,4.0,73.0,0.2,,,
2025-04-05,Travis Ingram,4.0,4.0,5.0,6.0,4.0,3.0,3.0,5.0,5.0,6.0,5.0,5.0,3.0,4.0,4.0,5.0,5.0,5.0,81.0,6.7,,,
2025-04-05,Trent Dana,4.0,3.0,3.0,7.0,5.0,5.0,4.0,5.0,5.0,6.0,5.0,5.0,3.0,5.0,6.0,5.0,5.0,6.0,87.0,15.6,,,
2025-04-05,Zach Coe,5.0,4.0,3.0,6.0,4.0,5.0,3.0,4.0,4.0,4.0,4.0,4.0,3.0,4.0,4.0,3.0,4.0,8.0,76.0,1.5,,,
2025-04-05,Zach Fleishman,5.0,4.0,3.0,6.0,6.0,5.0,4.0,4.0,5.0,6.0,6.0,6.0,3.0,5.0,4.0,5.0,3.0,7.0,87.0,13.4,,,
2025-04-05,Zach Mattson,6.0,4.0,4.0,6.0,5.0,4.0,4.0,6.0,5.0,5.0,5.0,4.0,3.0,4.0,4.0,3.0,2.0,5.0,79.0,6.1,,,
2025-04-05,Zane Eisenbarth,5.0,4.0,4.0,4.0,4.0,6.0,5.0,5.0,5.0,4.0,5.0,5.0,6.0,6.0,6.0,4.0,4.0,6.0,88.0,7.0,,,
2025-05-10,Andy Meach,5.0,5.0,4.0,6.0,5.0,5.0,3.0,4.0,6.0,5.0,5.0,5.0,4.0,4.0,5.0,3.0,4.0,5.0,83.0,5.1,,,
2025-05-10,Ben Magnone,6.0,7.0,4.0,6.0,6.0,5.0,4.0,5.0,5.0,5.0,5.0,4.0,4.0,5.0,4.0,4.0,4.0,6.0,89.0,11.9,,,
2025-05-10,Chris Beck,4.0,5.0,3.0,5.0,5.0,7.0,4.0,4.0,9.0,4.0,6.0,4.0,3.0,5.0,6.0,5.0,3.0,6.0,88.0,13.9,,,
2025-05-10,Chris Husong,5.0,5.0,3.0,5.0,4.0,5.0,3.0,8.0,7.0,6.0,4.0,5.0,5.0,4.0,5.0,4.0,4.0,7.0,89.0,10.5,,,
2025-05-10,Christopher Royce,4.0,7.0,4.0,6.0,7.0,3.0,5.0,6.0,6.0,6.0,5.0,5.0,4.0,3.0,5.0,6.0,6.0,10.0,98.0,13.9,,,
2025-05-10,Eric Lamb,6.0,4.0,3.0,6.0,5.0,6.0,4.0,6.0,6.0,6.0,7.0,5.0,4.0,4.0,6.0,3.0,5.0,10.0,96.0,24.0,,,
2025-05-10,Frank Angeloro,6.0,4.0,4.0,5.0,5.0,4.0,3.0,5.0,7.0,4.0,5.0,5.0,4.0,4.0,5.0,4.0,3.0,5.0,82.0,8.5,,,
2025-05-10,Greg Funk,4.0,5.0,4.0,6.0,4.0,3.0,4.0,5.0,5.0,4.0,4.0,5.0,4.0,4.0,3.0,5.0,3.0,6.0,78.0,3.3,,,
2025-05-10,Jeff Avery,4.0,5.0,4.0,5.0,5.0,5.0,4.0,8.0,5.0,5.0,6.0,6.0,5.0,4.0,4.0,4.0,5.0,8.0,92.0,10.7,,,
2025-05-10,Kevin Mueller,7.0,5.0,4.0,6.0,6.0,3.0,3.0,6.0,5.0,6.0,5.0,4.0,6.0,4.0,4.0,5.0,4.0,6.0,89.0,9.4,,,
2025-05-10,Kiernan Mattson,5.0,4.0,3.0,4.0,5.0,6.0,4.0,5.0,5.0,5.0,6.0,4.0,4.0,4.0,4.0,3.0,3.0,6.0,80.0,2.2,,,
2025-05-10,Korey Jerome,5.0,4.0,4.0,5.0,8.0,4.0,3.0,6.0,8.0,4.0,6.0,5.0,3.0,4.0,4.0,5.0,4.0,5.0,87.0,10.8,,,
2025-05-10,Mark Lewis,6.0,5.0,6.0,6.0,5.0,4.0,4.0,5.0,5.0,4.0,6.0,4.0,3.0,3.0,5.0,5.0,4.0,7.0,87.0,11.1,,,
2025-05-10,Neil Harris,3.0,4.0,3.0,5.0,6.0,4.0,4.0,4.0,5.0,5.0,5.0,4.0,3.0,3.0,4.0,3.0,5.0,5.0,75.0,-1.4,,,
2025-05-10,Patrick Schueppert,5.0,4.0,3.0,6.0,5.0,5.0,3.0,8.0,5.0,6.0,8.0,7.0,3.0,5.0,6.0,4.0,4.0,6.0,93.0,15.0,,,
2025-05-10,Paul Benga,5.0,3.0,3.0,5.0,5.0,4.0,4.0,4.0,4.0,3.0,6.0,6.0,3.0,4.0,4.0,4.0,4.0,5.0,76.0,4.2,,,
2025-05-10,Rich Fagan,6.0,5.0,4.0,5.0,6.0,4.0,4.0,5.0,5.0,5.0,7.0,7.0,5.0,3.0,5.0,4.0,4.0,10.0,94.0,14.7,,,
2025-05-10,Richard Lederman,5.0,4.0,4.0,7.0,5.0,5.0,4.0,6.0,6.0,6.0,6.0,5.0,3.0,5.0,6.0,5.0,4.0,7.0,93.0,12.9,,,
2025-05-10,Rick Meewes,4.0,4.0,4.0,5.0,5.0,4.0,3.0,6.0,7.0,5.0,6.0,3.0,4.0,4.0,4.0,4.0,4.0,7.0,83.0,6.6,,,
2025-05-10,Robert Hill,6.0,5.0,4.0,7.0,6.0,6.0,4.0,5.0,6.0,6.0,6.0,5.0,4.0,5.0,5.0,5.0,4.0,7.0,96.0,18.8,,,
2025-05-10,Ron Amstutz,6.0,4.0,3.0,6.0,6.0,4.0,3.0,5.0,7.0,4.0,5.0,5.0,3.0,4.0,4.0,4.0,3.0,8.0,84.0,10.8,,,
2025-05-10,Ron Marino,5.0,4.0,3.0,7.0,7.0,4.0,2.0,5.0,5.0,5.0,7.0,4.0,3.0,4.0,4.0,6.0,4.0,4.0,83.0,7.3,,,
2025-05-10,Scott Bracken,5.0,4.0,3.0,5.0,5.0,6.0,3.0,7.0,5.0,6.0,6.0,5.0,3.0,5.0,5.0,4.0,4.0,7.0,88.0,9.6,,,
2025-05-10,Shane Bolosan,4.0,5.0,3.0,5.0,6.0,6.0,3.0,6.0,8.0,5.0,7.0,5.0,5.0,5.0,6.0,4.0,4.0,7.0,94.0,10.7,,,
2025-05-10,Steve McCormick,5.0,3.0,4.0,5.0,5.0,4.0,4.0,5.0,6.0,5.0,5.0,7.0,4.0,5.0,6.0,5.0,4.0,6.0,88.0,9.9,,,
2025-05-10,Todd Densley,4.0,3.0,3.0,6.0,4.0,4.0,4.0,4.0,4.0,4.0,5.0,4.0,3.0,4.0,4.0,4.0,3.0,5.0,72.0,0.2,,,
2025-05-10,Tracy Copenhaver,5.0,4.0,3.0,6.0,5.0,4.0,4.0,6.0,6.0,6.0,7.0,5.0,4.0,5.0,5.0,5.0,4.0,6.0,90.0,14.2,,,
2025-05-10,Travis Ingram,6.0,4.0,3.0,5.0,5.0,5.0,3.0,4.0,5.0,5.0,5.0,6.0,4.0,5.0,4.0,4.0,4.0,5.0,82.0,7.4,,,
2025-05-10,Zach Coe,5.0,4.0,4.0,4.0,6.0,3.0,3.0,4.0,5.0,4.0,4.0,5.0,3.0,4.0,4.0,5.0,3.0,5.0,75.0,1.5,,,
2025-06-07,Ben Magnone,6.0,3.0,3.0,6.0,6.0,6.0,3.0,6.0,5.0,3.0,4.0,5.0,3.0,4.0,5.0,5.0,4.0,6.0,83.0,11.9,,,
2025-06-07,Chris Beck,5.0,5.0,4.0,8.0,5.0,5.0,3.0,4.0,5.0,6.0,6.0,4.0,3.0,5.0,5.0,4.0,4.0,7.0,88.0,13.7,,,
2025-06-07,Christopher Royce,5.0,3.0,5.0,7.0,7.0,5.0,3.0,4.0,7.0,5.0,5.0,7.0,3.0,5.0,4.0,4.0,4.0,5.0,88.0,14.1,,,
2025-06-07,Clark Koch,5.0,4.0,3.0,5.0,5.0,5.0,4.0,4.0,5.0,4.0,5.0,4.0,3.0,5.0,5.0,4.0,3.0,5.0,78.0,7.4,,,
2025-06-07,Dean Fisk,6.0,4.0,3.0,5.0,7.0,4.0,5.0,5.0,7.0,5.0,5.0,6.0,2.0,5.0,4.0,4.0,4.0,5.0,86.0,9.3,,,
2025-06-07,Derek Becko,4.0,4.0,4.0,5.0,5.0,5.0,3.0,5.0,6.0,4.0,5.0,4.0,3.0,4.0,5.0,4.0,2.0,5.0,77.0,4.3,,,
2025-06-07,Eric Weiss,3.0,3.0,3.0,5.0,4.0,3.0,3.0,4.0,5.0,4.0,5.0,3.0,2.0,4.0,4.0,4.0,3.0,5.0,67.0,0.8,,,
2025-06-07,Frank Angeloro,5.0,4.0,4.0,5.0,4.0,4.0,4.0,4.0,5.0,5.0,4.0,5.0,4.0,4.0,4.0,5.0,3.0,5.0,78.0,8.0,,,
2025-06-07,Greg Funk,4.0,5.0,4.0,5.0,5.0,3.0,2.0,5.0,4.0,4.0,5.0,5.0,3.0,4.0,4.0,5.0,4.0,5.0,76.0,3.7,,,
2025-06-07,Jeff Cloepfil,4.0,5.0,4.0,6.0,6.0,4.0,5.0,4.0,5.0,5.0,5.0,5.0,4.0,5.0,5.0,4.0,2.0,6.0,84.0,9.5,,,
2025-06-07,Jon Vrolyks,5.0,4.0,3.0,5.0,5.0,4.0,3.0,6.0,4.0,3.0,7.0,6.0,3.0,4.0,4.0,4.0,3.0,5.0,78.0,5.4,,,
2025-06-07,Kevin Barber,5.0,6.0,3.0,6.0,3.0,5.0,4.0,4.0,6.0,5.0,6.0,5.0,3.0,4.0,5.0,3.0,3.0,7.0,83.0,16.5,,,
2025-06-07,Kiernan Mattson,5.0,4.0,3.0,6.0,5.0,6.0,3.0,5.0,6.0,4.0,5.0,4.0,3.0,5.0,4.0,5.0,4.0,5.0,82.0,1.0,,,
2025-06-07,Korey Jerome,6.0,5.0,4.0,5.0,6.0,4.0,3.0,4.0,5.0,3.0,5.0,4.0,3.0,4.0,4.0,5.0,3.0,5.0,78.0,10.1,,,
2025-06-07,Mark Albedyll,6.0,5.0,5.0,6.0,5.0,5.0,4.0,5.0,6.0,6.0,6.0,6.0,3.0,5.0,5.0,5.0,4.0,5.0,92.0,16.1,,,
2025-06-07,Mike Muller,5.0,3.0,5.0,5.0,5.0,4.0,3.0,4.0,4.0,3.0,6.0,5.0,3.0,4.0,5.0,4.0,4.0,5.0,77.0,8.4,,,
2025-06-07,Neil Harris,3.0,4.0,3.0,3.0,4.0,4.0,4.0,4.0,4.0,3.0,6.0,4.0,3.0,3.0,4.0,3.0,3.0,6.0,68.0,-0.6,,,
2025-06-07,Patrick Schueppert,7.0,6.0,4.0,6.0,5.0,6.0,6.0,6.0,6.0,5.0,6.0,5.0,3.0,5.0,4.0,4.0,5.0,6.0,95.0,15.9,,,
2025-06-07,Paul Benga,6.0,3.0,3.0,4.0,5.0,4.0,4.0,6.0,6.0,3.0,5.0,4.0,3.0,4.0,4.0,5.0,4.0,7.0,80.0,4.1,,,
2025-06-07,Richard Lederman,5.0,5.0,4.0,6.0,6.0,5.0,5.0,5.0,5.0,5.0,6.0,6.0,3.0,4.0,5.0,5.0,4.0,7.0,91.0,13.9,,,
2025-06-07,Rick Deloney,5.0,4.0,3.0,7.0,6.0,4.0,4.0,6.0,5.0,4.0,5.0,4.0,3.0,5.0,4.0,5.0,3.0,5.0,82.0,5.8,,,
2025-06-07,Ron Amstutz,5.0,4.0,3.0,4.0,4.0,5.0,5.0,4.0,5.0,5.0,8.0,5.0,5.0,5.0,4.0,4.0,3.0,5.0,83.0,10.5,,,
2025-06-07,Scott Bracken,4.0,4.0,4.0,5.0,4.0,6.0,4.0,4.0,6.0,4.0,5.0,5.0,4.0,5.0,4.0,4.0,5.0,7.0,84.0,9.6,,,
2025-06-07,Scott Lucas,5.0,4.0,5.0,6.0,4.0,5.0,4.0,4.0,4.0,5.0,5.0,5.0,5.0,5.0,6.0,4.0,4.0,6.0,86.0,11.3,,,
2025-06-07,Shane Bolosan,5.0,4.0,3.0,7.0,5.0,3.0,3.0,5.0,6.0,3.0,6.0,6.0,4.0,4.0,5.0,6.0,4.0,7.0,86.0,10.8,,,
2025-06-07,Steve McCormick,4.0,4.0,3.0,5.0,6.0,6.0,3.0,6.0,4.0,6.0,6.0,6.0,5.0,4.0,4.0,4.0,3.0,6.0,85.0,8.9,,,
2025-06-07,Todd Densley,3.0,4.0,3.0,5.0,5.0,4.0,3.0,4.0,5.0,3.0,5.0,4.0,3.0,4.0,4.0,4.0,3.0,6.0,72.0,-0.4,,,
2025-06-07,Travis Ingram,4.0,5.0,2.0,9.0,4.0,4.0,4.0,5.0,5.0,4.0,5.0,5.0,3.0,3.0,4.0,4.0,5.0,6.0,81.0,7.8,,,
2025-06-07,Trent Dana,5.0,5.0,4.0,6.0,6.0,5.0,3.0,4.0,4.0,5.0,5.0,5.0,4.0,4.0,5.0,5.0,4.0,6.0,85.0,14.8,,,
2025-06-07,Zach Fleishman,4.0,5.0,3.0,6.0,7.0,6.0,5.0,6.0,5.0,5.0,6.0,5.0,3.0,4.0,4.0,4.0,3.0,4.0,85.0,11.7,,,
2025-06-07,Zane Eisenbarth,4.0,5.0,4.0,5.0,5.0,3.0,3.0,5.0,6.0,4.0,5.0,6.0,4.0,5.0,5.0,4.0,3.0,6.0,82.0,4.6,,,
2025-07-19,Ben Magnone,5.0,3.0,4.0,5.0,3.0,4.0,3.0,4.0,6.0,5.0,6.0,4.0,5.0,6.0,4.0,9.0,4.0,6.0,86.0,11.0,,,
2025-07-19,Chris Ryan,6.0,6.0,4.0,8.0,6.0,5.0,4.0,5.0,6.0,5.0,5.0,5.0,4.0,4.0,5.0,5.0,4.0,8.0,95.0,14.0,,,
2025-07-19,Christopher Royce,5.0,5.0,5.0,8.0,6.0,5.0,4.0,4.0,8.0,5.0,10.0,5.0,5.0,4.0,4.0,4.0,5.0,5.0,97.0,14.3,,,
2025-07-19,Clark Koch,4.0,5.0,3.0,7.0,4.0,4.0,5.0,4.0,7.0,4.0,6.0,5.0,4.0,4.0,4.0,4.0,4.0,5.0,83.0,5.8,,,
2025-07-19,Dan Denham,4.0,4.0,4.0,4.0,4.0,3.0,4.0,4.0,6.0,4.0,5.0,5.0,2.0,4.0,4.0,4.0,3.0,8.0,76.0,4.3,,,
2025-07-19,Derek Becko,4.0,3.0,4.0,5.0,4.0,5.0,4.0,4.0,5.0,4.0,4.0,4.0,3.0,4.0,5.0,4.0,4.0,5.0,75.0,3.7,,,
2025-07-19,Frank Angeloro,5.0,3.0,4.0,6.0,5.0,5.0,3.0,5.0,5.0,5.0,6.0,5.0,4.0,4.0,6.0,3.0,4.0,5.0,83.0,8.2,,,
2025-07-19,Greg Funk,4.0,4.0,4.0,5.0,5.0,4.0,3.0,5.0,4.0,6.0,5.0,5.0,3.0,6.0,5.0,5.0,2.0,6.0,81.0,4.2,,,
2025-07-19,Jeff Cloepfil,5.0,4.0,3.0,6.0,5.0,4.0,3.0,5.0,5.0,4.0,7.0,5.0,5.0,4.0,5.0,3.0,4.0,8.0,85.0,9.8,,,
2025-07-19,Joe Sepessy,3.0,5.0,3.0,5.0,3.0,3.0,3.0,5.0,6.0,3.0,5.0,4.0,4.0,4.0,6.0,4.0,3.0,5.0,74.0,5.2,,,
2025-07-19,Kevin Barber,5.0,5.0,3.0,9.0,5.0,4.0,4.0,5.0,7.0,6.0,6.0,4.0,4.0,5.0,4.0,6.0,4.0,6.0,92.0,15.8,,,
2025-07-19,Korey Jerome,4.0,4.0,3.0,5.0,5.0,4.0,4.0,4.0,7.0,5.0,6.0,6.0,2.0,5.0,5.0,3.0,5.0,4.0,81.0,8.6,,,
2025-07-19,Larry Caplan,5.0,5.0,3.0,6.0,3.0,4.0,4.0,4.0,5.0,5.0,5.0,5.0,4.0,5.0,5.0,5.0,5.0,5.0,83.0,16.0,,,
2025-07-19,Mark Albedyll,5.0,5.0,3.0,7.0,6.0,3.0,3.0,5.0,6.0,5.0,8.0,6.0,4.0,6.0,6.0,5.0,4.0,6.0,93.0,16.9,,,
2025-07-19,Matt Neimeier,5.0,4.0,3.0,6.0,4.0,6.0,4.0,5.0,5.0,5.0,4.0,6.0,4.0,5.0,5.0,4.0,3.0,5.0,83.0,11.4,,,
2025-07-19,Neil Harris,3.0,4.0,2.0,4.0,4.0,4.0,3.0,4.0,5.0,4.0,4.0,4.0,2.0,4.0,4.0,4.0,4.0,6.0,69.0,-2.3,,,
2025-07-19,Paul Benga,5.0,5.0,3.0,5.0,4.0,4.0,3.0,4.0,5.0,4.0,5.0,4.0,4.0,4.0,5.0,4.0,4.0,5.0,77.0,3.8,,,
2025-07-19,Rich Fagan,5.0,4.0,4.0,6.0,5.0,4.0,4.0,5.0,6.0,6.0,5.0,5.0,5.0,6.0,5.0,4.0,4.0,5.0,88.0,15.1,,,
2025-07-19,Rick Deloney,5.0,4.0,4.0,6.0,4.0,4.0,3.0,5.0,6.0,5.0,5.0,5.0,5.0,5.0,5.0,5.0,5.0,8.0,89.0,6.8,,,
2025-07-19,Rob Oliver,4.0,7.0,3.0,6.0,5.0,5.0,4.0,6.0,5.0,4.0,7.0,6.0,4.0,4.0,6.0,5.0,5.0,7.0,93.0,17.0,,,
2025-07-19,Scott Benton,5.0,6.0,3.0,5.0,7.0,6.0,4.0,7.0,5.0,4.0,6.0,5.0,3.0,4.0,5.0,4.0,3.0,8.0,90.0,10.8,,,
2025-07-19,Scott Bracken,5.0,5.0,3.0,6.0,4.0,4.0,4.0,5.0,5.0,4.0,5.0,5.0,4.0,5.0,5.0,4.0,4.0,6.0,83.0,9.4,,,
2025-07-19,Scott Lucas,5.0,5.0,2.0,8.0,7.0,5.0,4.0,7.0,6.0,4.0,5.0,6.0,4.0,6.0,5.0,4.0,3.0,5.0,91.0,12.2,,,
2025-07-19,Shane Bolosan,4.0,6.0,6.0,6.0,4.0,3.0,3.0,5.0,7.0,4.0,6.0,4.0,3.0,5.0,8.0,5.0,5.0,7.0,91.0,10.6,,,
2025-07-19,Trent Dana,5.0,5.0,5.0,6.0,5.0,5.0,5.0,6.0,7.0,4.0,6.0,6.0,6.0,6.0,6.0,5.0,3.0,7.0,98.0,13.8,,,
2025-08-09,Ben Magnone,4.0,5.0,4.0,6.0,5.0,4.0,4.0,5.0,6.0,4.0,5.0,7.0,2.0,5.0,4.0,6.0,4.0,5.0,85.0,10.5,,,
2025-08-09,Chris Husong,5.0,4.0,4.0,6.0,5.0,5.0,4.0,4.0,5.0,4.0,5.0,4.0,5.0,5.0,6.0,5.0,5.0,5.0,86.0,9.0,,,
2025-08-09,Chris Ryan,4.0,3.0,4.0,7.0,4.0,6.0,4.0,5.0,6.0,4.0,5.0,7.0,4.0,5.0,5.0,5.0,4.0,7.0,89.0,13.7,,,
2025-08-09,Christopher Royce,6.0,5.0,4.0,6.0,5.0,6.0,5.0,7.0,7.0,4.0,6.0,6.0,4.0,4.0,5.0,4.0,4.0,8.0,96.0,15.0,,,
2025-08-09,Clark Koch,5.0,6.0,3.0,6.0,4.0,4.0,4.0,5.0,5.0,4.0,7.0,6.0,4.0,4.0,6.0,5.0,3.0,5.0,86.0,6.2,,,
2025-08-09,Dean Fisk,5.0,5.0,4.0,5.0,5.0,5.0,4.0,5.0,6.0,5.0,5.0,5.0,6.0,5.0,4.0,3.0,4.0,7.0,88.0,8.0,,,
2025-08-09,Eric Weiss,4.0,4.0,2.0,6.0,5.0,4.0,3.0,3.0,5.0,5.0,5.0,4.0,2.0,4.0,4.0,4.0,3.0,5.0,72.0,0.0,,,
2025-08-09,Greg Funk,4.0,3.0,3.0,5.0,6.0,4.0,4.0,5.0,5.0,3.0,6.0,5.0,3.0,6.0,4.0,4.0,4.0,4.0,78.0,4.8,,,
2025-08-09,Hans Anderson,4.0,5.0,4.0,6.0,5.0,4.0,4.0,6.0,5.0,3.0,6.0,4.0,4.0,3.0,4.0,4.0,3.0,5.0,79.0,0.6,,,
2025-08-09,Jeff Cloepfil,6.0,4.0,3.0,6.0,4.0,4.0,4.0,5.0,7.0,5.0,6.0,4.0,3.0,4.0,5.0,4.0,5.0,4.0,83.0,9.8,,,
2025-08-09,Jim Restivo,5.0,4.0,4.0,5.0,5.0,6.0,3.0,6.0,6.0,4.0,6.0,5.0,3.0,4.0,5.0,5.0,7.0,5.0,88.0,12.1,,,
2025-08-09,Joe Sepessy,6.0,5.0,4.0,4.0,5.0,5.0,3.0,4.0,4.0,4.0,5.0,5.0,4.0,3.0,4.0,4.0,4.0,4.0,77.0,4.9,,,
2025-08-09,Justin Deuker,4.0,4.0,3.0,5.0,4.0,4.0,4.0,4.0,6.0,4.0,7.0,5.0,4.0,4.0,4.0,5.0,4.0,4.0,79.0,2.7,,,
2025-08-09,Korey Jerome,6.0,4.0,3.0,6.0,4.0,3.0,5.0,5.0,5.0,4.0,7.0,4.0,3.0,4.0,4.0,4.0,5.0,5.0,81.0,6.7,,,
2025-08-09,Larry Caplan,6.0,7.0,4.0,8.0,4.0,6.0,2.0,6.0,7.0,6.0,8.0,7.0,2.0,4.0,7.0,5.0,5.0,6.0,100.0,15.0,,,
2025-08-09,Mark Albedyll,5.0,4.0,4.0,6.0,6.0,3.0,4.0,7.0,8.0,6.0,6.0,5.0,2.0,4.0,5.0,5.0,4.0,7.0,91.0,17.3,,,
2025-08-09,Mark James,6.0,4.0,4.0,6.0,5.0,5.0,2.0,7.0,6.0,5.0,7.0,5.0,3.0,5.0,6.0,4.0,4.0,5.0,89.0,12.8,,,
2025-08-09,Matt Neimeier,4.0,5.0,3.0,5.0,5.0,5.0,3.0,7.0,7.0,5.0,4.0,4.0,3.0,5.0,4.0,4.0,4.0,6.0,83.0,10.6,,,
2025-08-09,Michael Falagrady,6.0,5.0,3.0,5.0,5.0,5.0,5.0,5.0,6.0,4.0,4.0,4.0,4.0,3.0,5.0,3.0,3.0,6.0,81.0,6.7,,,
2025-08-09,Mike Muller,3.0,4.0,4.0,5.0,4.0,3.0,4.0,5.0,6.0,5.0,7.0,5.0,4.0,4.0,5.0,4.0,4.0,6.0,82.0,6.6,,,
2025-08-09,Neil Harris,5.0,4.0,3.0,5.0,5.0,3.0,4.0,4.0,4.0,4.0,6.0,4.0,4.0,4.0,4.0,4.0,3.0,5.0,75.0,-2.7,,,
2025-08-09,Patrick Schueppert,5.0,4.0,3.0,7.0,5.0,5.0,5.0,6.0,6.0,6.0,6.0,7.0,4.0,7.0,6.0,4.0,4.0,7.0,97.0,16.5,,,
2025-08-09,Paul Benga,6.0,5.0,4.0,5.0,5.0,6.0,3.0,5.0,4.0,4.0,5.0,6.0,4.0,4.0,4.0,4.0,4.0,6.0,84.0,4.5,,,
2025-08-09,Rich Fagan,5.0,7.0,4.0,7.0,5.0,5.0,6.0,7.0,7.0,5.0,5.0,5.0,4.0,4.0,7.0,5.0,3.0,7.0,98.0,12.5,,,
2025-08-09,Robert Hill,5.0,5.0,4.0,7.0,6.0,5.0,4.0,6.0,6.0,5.0,7.0,5.0,3.0,5.0,6.0,7.0,5.0,13.0,104.0,18.5,,,
2025-08-09,Scott Benton,6.0,4.0,4.0,6.0,6.0,5.0,3.0,5.0,6.0,4.0,7.0,5.0,4.0,4.0,5.0,3.0,4.0,6.0,87.0,11.3,,,
2025-08-09,Scott Bracken,5.0,4.0,4.0,5.0,5.0,5.0,4.0,3.0,6.0,4.0,6.0,5.0,4.0,5.0,5.0,5.0,3.0,6.0,84.0,9.3,,,
2025-08-09,Shane Bolosan,5.0,5.0,2.0,5.0,7.0,5.0,3.0,6.0,5.0,4.0,5.0,5.0,3.0,5.0,5.0,4.0,4.0,5.0,83.0,10.6,,,
2025-08-09,Steve McCormick,5.0,6.0,5.0,6.0,6.0,4.0,3.0,6.0,7.0,4.0,5.0,6.0,2.0,4.0,5.0,7.0,5.0,6.0,92.0,11.1,,,
2025-08-09,Travis Ingram,5.0,5.0,3.0,6.0,5.0,5.0,3.0,4.0,4.0,5.0,5.0,5.0,4.0,5.0,4.0,4.0,4.0,7.0,83.0,8.3,,,
2025-09-13,Ben Magnone,5.0,5.0,4.0,6.0,5.0,3.0,3.0,5.0,6.0,6.0,6.0,5.0,3.0,4.0,4.0,4.0,4.0,6.0,84.0,10.0,,,
2025-09-13,Brian Howell,5.0,4.0,4.0,6.0,5.0,2.0,3.0,6.0,5.0,5.0,5.0,5.0,4.0,4.0,4.0,5.0,4.0,6.0,82.0,6.4,,,
2025-09-13,Chris Beck,5.0,4.0,3.0,6.0,5.0,4.0,4.0,8.0,7.0,5.0,6.0,6.0,2.0,5.0,4.0,5.0,4.0,6.0,89.0,13.8,,,
2025-09-13,Chris Ryan,5.0,5.0,4.0,7.0,6.0,6.0,4.0,5.0,6.0,5.0,6.0,6.0,4.0,4.0,6.0,4.0,3.0,8.0,94.0,13.6,,,
2025-09-13,Christopher Royce,4.0,4.0,3.0,7.0,6.0,4.0,3.0,5.0,6.0,4.0,5.0,8.0,3.0,7.0,4.0,5.0,3.0,6.0,87.0,15.9,,,
2025-09-13,Clark Koch,4.0,3.0,3.0,6.0,4.0,5.0,5.0,5.0,6.0,6.0,5.0,5.0,5.0,4.0,4.0,4.0,4.0,5.0,83.0,6.6,,,
2025-09-13,Conrad Copeland,5.0,4.0,3.0,6.0,5.0,4.0,4.0,5.0,7.0,6.0,6.0,5.0,3.0,5.0,5.0,6.0,5.0,7.0,91.0,11.8,,,
2025-09-13,Derek Becko,4.0,5.0,4.0,5.0,5.0,4.0,3.0,5.0,5.0,4.0,4.0,4.0,4.0,4.0,4.0,4.0,4.0,5.0,77.0,3.5,,,
2025-09-13,Dusty Wasmund,3.0,4.0,3.0,4.0,5.0,4.0,4.0,4.0,5.0,5.0,6.0,5.0,3.0,4.0,5.0,3.0,5.0,4.0,76.0,7.7,,,
2025-09-13,Eric Weiss,4.0,4.0,4.0,5.0,4.0,4.0,3.0,4.0,5.0,4.0,6.0,3.0,3.0,4.0,4.0,5.0,3.0,5.0,74.0,0.3,,,
2025-09-13,Greg Funk,5.0,5.0,4.0,5.0,5.0,4.0,3.0,4.0,5.0,4.0,6.0,5.0,3.0,5.0,4.0,5.0,3.0,5.0,80.0,5.7,,,
2025-09-13,Hans Anderson,4.0,3.0,3.0,5.0,4.0,4.0,3.0,6.0,4.0,4.0,4.0,5.0,5.0,3.0,5.0,4.0,4.0,5.0,75.0,0.6,,,
2025-09-13,Jamey Davis,6.0,4.0,3.0,5.0,5.0,4.0,3.0,5.0,6.0,8.0,6.0,5.0,3.0,6.0,5.0,5.0,4.0,6.0,89.0,13.8,,,
2025-09-13,Jeff Avery,6.0,4.0,3.0,4.0,5.0,4.0,3.0,6.0,4.0,5.0,6.0,5.0,3.0,5.0,4.0,3.0,5.0,5.0,80.0,12.6,,,
2025-09-13,Jeff Cloepfil,5.0,4.0,2.0,6.0,5.0,4.0,3.0,4.0,5.0,4.0,5.0,5.0,5.0,3.0,5.0,6.0,5.0,7.0,83.0,9.8,,,
2025-09-13,Jeff De Laveaga,4.0,3.0,3.0,5.0,5.0,2.0,3.0,4.0,5.0,3.0,5.0,4.0,3.0,4.0,5.0,4.0,3.0,4.0,69.0,0.1,,,
2025-09-13,Joe Sepessy,5.0,4.0,3.0,5.0,4.0,4.0,2.0,5.0,5.0,4.0,4.0,4.0,4.0,3.0,4.0,4.0,3.0,6.0,73.0,5.1,,,
2025-09-13,Jon Vrolyks,5.0,5.0,4.0,5.0,6.0,4.0,4.0,5.0,6.0,5.0,5.0,6.0,4.0,5.0,4.0,3.0,4.0,5.0,85.0,5.2,,,
2025-09-13,Kevin Barber,6.0,5.0,3.0,6.0,5.0,4.0,4.0,7.0,6.0,4.0,6.0,6.0,3.0,6.0,4.0,4.0,4.0,8.0,91.0,13.4,,,
2025-09-13,Kiernan Mattson,5.0,4.0,3.0,4.0,5.0,3.0,3.0,4.0,4.0,4.0,4.0,5.0,4.0,4.0,4.0,4.0,2.0,6.0,72.0,-0.4,,,
2025-09-13,Korey Jerome,5.0,3.0,3.0,6.0,5.0,5.0,4.0,5.0,5.0,4.0,6.0,4.0,3.0,4.0,5.0,4.0,4.0,6.0,81.0,6.6,,,
2025-09-13,Larry Caplan,7.0,6.0,4.0,7.0,5.0,4.0,4.0,6.0,8.0,7.0,5.0,7.0,4.0,6.0,7.0,4.0,3.0,7.0,101.0,14.5,,,
2025-09-13,Mark Albedyll,5.0,6.0,3.0,6.0,4.0,4.0,3.0,6.0,6.0,5.0,7.0,4.0,3.0,4.0,6.0,5.0,3.0,8.0,88.0,16.4,,,
2025-09-13,Mark Lewis,4.0,5.0,3.0,6.0,6.0,4.0,3.0,6.0,5.0,6.0,5.0,5.0,4.0,4.0,5.0,5.0,5.0,5.0,86.0,11.2,,,
2025-09-13,Matt Neimeier,5.0,4.0,5.0,5.0,4.0,4.0,3.0,6.0,7.0,4.0,5.0,6.0,3.0,5.0,3.0,5.0,5.0,5.0,84.0,10.0,,,
2025-09-13,Michael Falagrady,6.0,4.0,3.0,5.0,4.0,7.0,3.0,4.0,4.0,5.0,4.0,6.0,3.0,3.0,4.0,4.0,4.0,6.0,79.0,6.0,,,
2025-09-13,Mike Muller,4.0,6.0,4.0,8.0,6.0,6.0,4.0,5.0,6.0,6.0,6.0,4.0,3.0,3.0,4.0,5.0,3.0,7.0,90.0,6.0,,,
2025-09-13,Patrick Schueppert,5.0,7.0,4.0,6.0,4.0,4.0,5.0,5.0,8.0,4.0,7.0,5.0,4.0,5.0,5.0,6.0,5.0,5.0,94.0,16.3,,,
2025-09-13,Paul Benga,3.0,4.0,3.0,6.0,5.0,4.0,4.0,4.0,6.0,5.0,5.0,4.0,3.0,3.0,4.0,4.0,4.0,5.0,76.0,5.0,,,
2025-09-13,Scott Benton,7.0,5.0,3.0,7.0,5.0,5.0,3.0,5.0,8.0,7.0,6.0,5.0,4.0,5.0,5.0,4.0,4.0,6.0,94.0,12.1,,,
2025-09-13,Shane Bolosan,5.0,4.0,3.0,6.0,4.0,3.0,4.0,4.0,6.0,4.0,5.0,3.0,4.0,4.0,5.0,3.0,3.0,5.0,75.0,9.0,,,
2025-09-13,Stephen Cherepy,4.0,5.0,4.0,6.0,4.0,4.0,4.0,6.0,6.0,5.0,5.0,6.0,3.0,5.0,4.0,4.0,6.0,6.0,87.0,11.0,,,
2025-09-13,Steve McCormick,5.0,4.0,4.0,5.0,5.0,4.0,4.0,7.0,6.0,6.0,7.0,6.0,5.0,4.0,6.0,5.0,3.0,5.0,91.0,11.4,,,
2025-09-13,Travis Ingram,5.0,4.0,4.0,5.0,5.0,4.0,3.0,5.0,5.0,5.0,5.0,4.0,3.0,5.0,5.0,3.0,4.0,5.0,79.0,5.6,,,
2025-09-13,Zane Eisenbarth,6.0,4.0,4.0,6.0,6.0,4.0,3.0,4.0,6.0,3.0,5.0,5.0,3.0,5.0,4.0,4.0,2.0,4.0,78.0,5.0,,,
2025-10-04,Andy Meach,6.0,5.0,3.0,5.0,5.0,5.0,3.0,4.0,6.0,4.0,5.0,6.0,3.0,5.0,4.0,4.0,5.0,7.0,85.0,7.2,,,
2025-10-04,Brad Ackley,5.0,4.0,4.0,6.0,6.0,5.0,4.0,7.0,6.0,5.0,6.0,8.0,6.0,5.0,5.0,2.0,3.0,5.0,92.0,13.9,,,
2025-10-04,Brian Howell,5.0,5.0,4.0,6.0,3.0,4.0,4.0,4.0,6.0,3.0,6.0,5.0,3.0,5.0,4.0,5.0,4.0,5.0,81.0,6.9,,,
2025-10-04,Chris Beck,5.0,5.0,3.0,4.0,6.0,5.0,4.0,5.0,5.0,6.0,5.0,5.0,3.0,4.0,3.0,5.0,4.0,5.0,82.0,14.6,,,
2025-10-04,Derek Becko,4.0,4.0,4.0,5.0,5.0,5.0,4.0,4.0,5.0,5.0,5.0,5.0,3.0,3.0,5.0,4.0,4.0,4.0,78.0,3.7,,,
2025-10-04,Dusty Wasmund,4.0,3.0,4.0,6.0,3.0,6.0,4.0,4.0,6.0,5.0,5.0,4.0,5.0,4.0,3.0,4.0,4.0,7.0,81.0,8.2,,,
2025-10-04,Eric Weiss,4.0,4.0,3.0,4.0,5.0,4.0,4.0,4.0,5.0,4.0,4.0,7.0,3.0,4.0,4.0,3.0,3.0,5.0,74.0,0.4,,,
2025-10-04,Frank Angeloro,6.0,5.0,4.0,5.0,3.0,4.0,4.0,5.0,5.0,5.0,5.0,5.0,3.0,4.0,5.0,4.0,3.0,5.0,80.0,7.7,,,
2025-10-04,Greg Funk,5.0,4.0,2.0,5.0,4.0,4.0,3.0,4.0,7.0,5.0,5.0,6.0,3.0,5.0,4.0,4.0,3.0,5.0,78.0,5.2,,,
2025-10-04,Jamey Davis,5.0,4.0,4.0,6.0,5.0,6.0,3.0,4.0,5.0,6.0,6.0,4.0,3.0,5.0,4.0,3.0,4.0,5.0,82.0,13.7,,,
2025-10-04,Jeff Cloepfil,7.0,5.0,3.0,6.0,5.0,3.0,3.0,4.0,5.0,5.0,6.0,5.0,3.0,4.0,4.0,4.0,4.0,6.0,82.0,10.7,,,
2025-10-04,Jim Restivo,5.0,5.0,3.0,7.0,5.0,5.0,4.0,4.0,6.0,5.0,6.0,6.0,3.0,5.0,4.0,4.0,4.0,6.0,87.0,12.1,,,
2025-10-04,Joe Sepessy,5.0,4.0,3.0,6.0,4.0,6.0,4.0,4.0,6.0,4.0,5.0,6.0,5.0,4.0,4.0,3.0,2.0,6.0,81.0,4.1,,,
2025-10-04,Jon Vrolyks,5.0,5.0,4.0,6.0,5.0,4.0,4.0,4.0,5.0,3.0,5.0,7.0,3.0,4.0,4.0,4.0,4.0,6.0,82.0,6.0,,,
2025-10-04,Korey Jerome,8.0,5.0,6.0,6.0,5.0,6.0,4.0,5.0,6.0,6.0,7.0,5.0,3.0,4.0,6.0,4.0,4.0,7.0,97.0,6.8,,,
2025-10-04,Larry Caplan,5.0,5.0,4.0,6.0,5.0,5.0,5.0,6.0,6.0,7.0,6.0,6.0,3.0,4.0,4.0,3.0,6.0,6.0,92.0,15.4,,,
2025-10-04,Mark James,5.0,5.0,6.0,6.0,6.0,5.0,4.0,8.0,6.0,5.0,5.0,4.0,6.0,5.0,4.0,4.0,4.0,5.0,93.0,12.6,,,
2025-10-04,Matt Neimeier,4.0,6.0,4.0,6.0,5.0,6.0,4.0,5.0,6.0,5.0,5.0,5.0,3.0,4.0,4.0,4.0,6.0,6.0,88.0,10.4,,,
2025-10-04,Mike Muller,4.0,5.0,4.0,5.0,4.0,5.0,4.0,5.0,6.0,5.0,6.0,4.0,5.0,4.0,4.0,5.0,4.0,5.0,84.0,7.5,,,
2025-10-04,Neil Harris,3.0,4.0,4.0,6.0,4.0,3.0,2.0,4.0,4.0,4.0,4.0,4.0,3.0,4.0,4.0,4.0,4.0,4.0,69.0,-1.9,,,
2025-10-04,Pat Feutz,4.0,4.0,3.0,5.0,4.0,4.0,4.0,5.0,5.0,4.0,6.0,4.0,4.0,5.0,4.0,4.0,3.0,5.0,77.0,5.6,,,
2025-10-04,Patrick Schueppert,5.0,6.0,3.0,6.0,5.0,6.0,4.0,5.0,7.0,5.0,5.0,5.0,5.0,6.0,3.0,5.0,4.0,5.0,90.0,16.5,,,
2025-10-04,Paul Benga,4.0,5.0,3.0,6.0,5.0,3.0,3.0,4.0,5.0,4.0,5.0,5.0,3.0,4.0,5.0,4.0,3.0,5.0,76.0,4.9,,,
2025-10-04,Rob Oliver,8.0,5.0,2.0,5.0,7.0,6.0,4.0,6.0,6.0,6.0,6.0,6.0,3.0,5.0,4.0,4.0,5.0,6.0,94.0,17.0,,,
2025-10-04,Ron Amstutz,6.0,4.0,3.0,7.0,3.0,3.0,5.0,9.0,6.0,4.0,7.0,5.0,4.0,5.0,4.0,4.0,3.0,8.0,90.0,10.6,,,
2025-10-04,Ron Marino,5.0,6.0,3.0,4.0,4.0,4.0,4.0,7.0,5.0,6.0,6.0,4.0,4.0,5.0,5.0,5.0,3.0,5.0,85.0,7.0,,,
2025-10-04,Scott Benton,7.0,4.0,4.0,5.0,5.0,4.0,3.0,5.0,5.0,5.0,4.0,5.0,4.0,5.0,4.0,4.0,3.0,7.0,83.0,11.8,,,
2025-10-04,Scott Bracken,4.0,5.0,3.0,6.0,5.0,5.0,4.0,6.0,5.0,4.0,6.0,5.0,5.0,4.0,5.0,3.0,4.0,6.0,85.0,9.3,,,
2025-10-04,Scott Lucas,6.0,3.0,4.0,5.0,7.0,4.0,4.0,4.0,4.0,3.0,7.0,4.0,4.0,6.0,3.0,4.0,3.0,6.0,81.0,11.7,,,
2025-10-04,Shane Bolosan,5.0,5.0,3.0,4.0,6.0,3.0,3.0,6.0,5.0,5.0,5.0,5.0,4.0,5.0,4.0,4.0,3.0,6.0,81.0,7.9,,,
2025-10-04,Steve McCormick,5.0,4.0,4.0,6.0,5.0,5.0,6.0,5.0,5.0,5.0,5.0,6.0,5.0,4.0,5.0,5.0,3.0,5.0,88.0,10.4,,,
2025-10-04,Todd Densley,4.0,4.0,3.0,5.0,5.0,4.0,4.0,4.0,5.0,4.0,4.0,5.0,3.0,3.0,4.0,3.0,3.0,5.0,72.0,0.8,,,
2025-11-15,Andrew Burnheimer,3.0,3.0,3.0,6.0,5.0,4.0,4.0,5.0,6.0,4.0,5.0,5.0,3.0,5.0,5.0,5.0,5.0,7.0,83.0,0.0,,,
2025-11-15,Andy Meach,5.0,4.0,3.0,5.0,6.0,4.0,4.0,5.0,6.0,4.0,5.0,5.0,3.0,4.0,5.0,5.0,3.0,6.0,82.0,7.3,,,
2025-11-15,Ben Magnone,5.0,5.0,3.0,5.0,5.0,4.0,3.0,4.0,7.0,5.0,4.0,4.0,3.0,4.0,4.0,4.0,4.0,6.0,79.0,10.3,,,
2025-11-15,Bud Scott,6.0,4.0,3.0,6.0,5.0,5.0,3.0,4.0,5.0,4.0,6.0,5.0,4.0,4.0,5.0,5.0,3.0,6.0,83.0,10.2,,,
2025-11-15,Chris Beck,6.0,4.0,4.0,8.0,5.0,4.0,3.0,5.0,6.0,4.0,6.0,5.0,4.0,4.0,5.0,7.0,4.0,9.0,93.0,13.5,,,
2025-11-15,Chris Ryan,4.0,5.0,4.0,6.0,6.0,7.0,4.0,5.0,5.0,5.0,4.0,5.0,3.0,5.0,5.0,5.0,4.0,5.0,87.0,13.3,Michael Falagrady,1,
2025-11-15,Christopher Royce,5.0,4.0,4.0,5.0,4.0,4.0,3.0,6.0,6.0,5.0,6.0,7.0,4.0,6.0,4.0,4.0,4.0,7.0,88.0,11.5,,,
2025-11-15,Clark Koch,4.0,5.0,3.0,5.0,5.0,4.0,4.0,5.0,7.0,5.0,5.0,5.0,2.0,4.0,4.0,6.0,4.0,5.0,82.0,8.8,,,
2025-11-15,Dan Denham,5.0,4.0,4.0,5.0,5.0,5.0,4.0,5.0,5.0,4.0,5.0,5.0,4.0,5.0,5.0,3.0,3.0,6.0,82.0,5.1,Mark Lewis,T2,
2025-11-15,Dana Beckley,4.0,4.0,4.0,6.0,5.0,4.0,3.0,5.0,7.0,5.0,5.0,6.0,2.0,5.0,6.0,4.0,3.0,6.0,84.0,6.7,,,
2025-11-15,Dusty Wasmund,4.0,5.0,3.0,6.0,5.0,3.0,4.0,6.0,6.0,5.0,3.0,5.0,3.0,5.0,4.0,5.0,3.0,9.0,84.0,7.0,,,
2025-11-15,Eric Weiss,4.0,5.0,3.0,5.0,5.0,4.0,3.0,4.0,5.0,4.0,5.0,4.0,2.0,5.0,4.0,4.0,3.0,7.0,76.0,0.2,,,
2025-11-15,Frank Angeloro,4.0,5.0,4.0,6.0,5.0,5.0,3.0,5.0,4.0,4.0,5.0,5.0,4.0,5.0,4.0,4.0,4.0,6.0,82.0,7.1,Kevin Barber,T2,
2025-11-15,Greg Funk,5.0,4.0,4.0,6.0,4.0,3.0,3.0,4.0,5.0,5.0,5.0,5.0,3.0,5.0,4.0,5.0,4.0,5.0,79.0,5.2,,,
2025-11-15,Jamey Davis,5.0,5.0,4.0,5.0,5.0,5.0,3.0,5.0,5.0,5.0,5.0,4.0,5.0,5.0,4.0,4.0,4.0,7.0,85.0,13.4,,,
2025-11-15,Jared Strathe,4.0,3.0,3.0,5.0,5.0,4.0,3.0,4.0,5.0,4.0,4.0,4.0,2.0,4.0,5.0,3.0,3.0,4.0,69.0,-3.8,,,
2025-11-15,Jeff Avery,4.0,6.0,3.0,4.0,6.0,4.0,3.0,7.0,7.0,4.0,5.0,6.0,3.0,5.0,5.0,5.0,4.0,7.0,88.0,11.2,Ron Marino,T2,
2025-11-15,Jeff Cloepfil,5.0,5.0,4.0,5.0,5.0,4.0,5.0,5.0,6.0,5.0,5.0,5.0,3.0,5.0,5.0,5.0,4.0,6.0,87.0,10.5,,,
2025-11-15,Jeff De Laveaga,4.0,4.0,3.0,4.0,4.0,5.0,3.0,4.0,4.0,4.0,5.0,4.0,3.0,4.0,4.0,4.0,3.0,5.0,71.0,0.0,,,
2025-11-15,Joe Sepessy,5.0,4.0,3.0,6.0,4.0,5.0,5.0,5.0,4.0,4.0,5.0,5.0,4.0,5.0,6.0,3.0,4.0,5.0,82.0,4.4,,,
2025-11-15,Jon Vrolyks,4.0,5.0,4.0,5.0,5.0,5.0,3.0,4.0,5.0,4.0,5.0,5.0,3.0,4.0,4.0,5.0,4.0,6.0,80.0,6.0,,,
2025-11-15,Kevin Barber,5.0,5.0,3.0,6.0,6.0,5.0,4.0,7.0,6.0,4.0,7.0,5.0,3.0,4.0,5.0,5.0,3.0,6.0,89.0,17.7,Frank Angeloro,T2,
2025-11-15,Korey Jerome,5.0,4.0,3.0,6.0,4.0,3.0,4.0,4.0,6.0,5.0,4.0,7.0,3.0,5.0,4.0,4.0,3.0,7.0,81.0,7.9,,,
2025-11-15,Larry Caplan,4.0,5.0,3.0,6.0,7.0,5.0,4.0,5.0,6.0,5.0,6.0,7.0,4.0,7.0,5.0,4.0,4.0,6.0,93.0,16.1,,,
2025-11-15,Mark Lewis,5.0,3.0,4.0,5.0,6.0,6.0,3.0,4.0,4.0,5.0,6.0,5.0,3.0,4.0,4.0,4.0,3.0,6.0,80.0,10.8,Dan Denham,T2,T1
2025-11-15,Michael Falagrady,6.0,4.0,2.0,5.0,4.0,4.0,3.0,5.0,6.0,4.0,6.0,7.0,3.0,5.0,7.0,3.0,5.0,5.0,84.0,5.7,Chris Ryan,1,
2025-11-15,Mike Muller,5.0,4.0,4.0,5.0,5.0,3.0,4.0,5.0,6.0,5.0,5.0,5.0,4.0,5.0,6.0,4.0,4.0,5.0,84.0,8.3,,,
2025-11-15,Nate Adams,4.0,3.0,3.0,4.0,4.0,4.0,3.0,4.0,6.0,3.0,3.0,4.0,3.0,4.0,3.0,3.0,3.0,4.0,65.0,-6.4,,,
2025-11-15,Neil Harris,5.0,3.0,2.0,5.0,4.0,4.0,3.0,4.0,5.0,4.0,4.0,4.0,2.0,3.0,4.0,4.0,4.0,5.0,69.0,-2.2,,,
2025-11-15,Patrick Schueppert,6.0,4.0,3.0,7.0,6.0,7.0,3.0,5.0,6.0,5.0,8.0,6.0,4.0,4.0,6.0,5.0,5.0,7.0,97.0,16.6,,,
2025-11-15,Paul Benga,4.0,4.0,3.0,5.0,4.0,4.0,3.0,5.0,5.0,3.0,5.0,4.0,4.0,4.0,4.0,4.0,3.0,5.0,73.0,4.8,Steve McCormick,T2,T1
2025-11-15,Rich McKeon,4.0,4.0,4.0,5.0,5.0,4.0,3.0,5.0,5.0,5.0,5.0,5.0,3.0,5.0,4.0,4.0,5.0,6.0,81.0,10.0,,,
2025-11-15,Richard Lederman,5.0,5.0,3.0,6.0,6.0,5.0,4.0,5.0,5.0,4.0,5.0,5.0,4.0,5.0,5.0,4.0,3.0,6.0,85.0,12.9,,,
2025-11-15,Rick Deloney,6.0,4.0,4.0,5.0,5.0,5.0,4.0,6.0,7.0,5.0,5.0,6.0,4.0,5.0,4.0,4.0,4.0,6.0,89.0,6.7,,,
2025-11-15,Rick Meewes,4.0,3.0,3.0,5.0,5.0,4.0,5.0,4.0,6.0,5.0,6.0,5.0,3.0,5.0,4.0,4.0,4.0,5.0,80.0,4.2,,,
2025-11-15,Robert Hill,6.0,4.0,5.0,7.0,6.0,5.0,3.0,6.0,6.0,5.0,5.0,5.0,4.0,5.0,4.0,5.0,5.0,8.0,94.0,17.4,,,
2025-11-15,Ron Marino,5.0,5.0,5.0,5.0,3.0,4.0,3.0,5.0,5.0,6.0,5.0,5.0,3.0,4.0,5.0,4.0,3.0,5.0,80.0,8.2,Jeff Avery,T2,
2025-11-15,Scott Benton,6.0,4.0,5.0,6.0,4.0,5.0,3.0,6.0,8.0,6.0,7.0,4.0,3.0,4.0,4.0,5.0,4.0,6.0,90.0,11.7,,,
2025-11-15,Shane Bolosan,4.0,4.0,3.0,6.0,4.0,6.0,3.0,5.0,5.0,4.0,6.0,6.0,3.0,4.0,4.0,4.0,4.0,5.0,80.0,7.8,,,
2025-11-15,Steve McCormick,5.0,4.0,4.0,5.0,5.0,5.0,3.0,5.0,5.0,5.0,6.0,5.0,3.0,6.0,5.0,4.0,3.0,6.0,84.0,10.4,Paul Benga,T2,
2025-11-15,Steve Rosenbluth,5.0,4.0,4.0,6.0,6.0,4.0,3.0,5.0,7.0,3.0,6.0,5.0,6.0,4.0,5.0,5.0,4.0,6.0,88.0,6.9,,,
2025-11-15,Stewart Polakov,4.0,5.0,2.0,5.0,5.0,4.0,3.0,4.0,5.0,3.0,4.0,6.0,3.0,5.0,4.0,4.0,3.0,5.0,74.0,4.9,,,3
2025-11-15,Todd Densley,4.0,3.0,3.0,7.0,4.0,3.0,3.0,4.0,6.0,5.0,5.0,4.0,3.0,3.0,3.0,4.0,3.0,4.0,71.0,0.2,,,
2025-11-15,Tracy Copenhaver,5.0,4.0,4.0,6.0,5.0,4.0,4.0,5.0,7.0,5.0,6.0,6.0,3.0,5.0,4.0,6.0,4.0,6.0,89.0,14.8,,,
2025-11-15,Travis Ingram,6.0,4.0,3.0,5.0,4.0,3.0,3.0,4.0,6.0,5.0,6.0,5.0,4.0,4.0,4.0,4.0,4.0,7.0,81.0,5.2,,,
2025-11-15,Trent Dana,5.0,4.0,4.0,7.0,7.0,6.0,4.0,6.0,6.0,6.0,6.0,7.0,3.0,5.0,7.0,6.0,4.0,7.0,100.0,15.6,,,
2025-11-15,Zane Eisenbarth,4.0,4.0,3.0,5.0,5.0,4.0,3.0,5.0,4.0,4.0,8.0,4.0,4.0,6.0,4.0,6.0,3.0,7.0,83.0,4.4,,,
2025-12-20,Andy Meach,6.0,4.0,5.0,6.0,6.0,6.0,3.0,5.0,6.0,5.0,4.0,4.0,3.0,5.0,4.0,5.0,4.0,7.0,88.0,7.1,,,
2025-12-20,Ben Magnone,4.0,4.0,3.0,5.0,3.0,5.0,4.0,5.0,6.0,4.0,6.0,4.0,4.0,4.0,4.0,3.0,5.0,5.0,78.0,10.4,,,
2025-12-20,Bud Scott,5.0,5.0,4.0,7.0,4.0,5.0,5.0,5.0,5.0,4.0,6.0,6.0,3.0,5.0,5.0,6.0,5.0,7.0,92.0,9.4,,,
2025-12-20,Chris Beck,4.0,6.0,3.0,7.0,6.0,5.0,2.0,5.0,7.0,6.0,5.0,4.0,4.0,6.0,5.0,4.0,4.0,7.0,90.0,13.2,,,
2025-12-20,Christopher Royce,4.0,5.0,3.0,4.0,4.0,5.0,3.0,4.0,6.0,5.0,4.0,7.0,5.0,7.0,4.0,5.0,4.0,6.0,85.0,13.9,Rich McKeon,T1,
2025-12-20,Clark Koch,5.0,5.0,3.0,5.0,6.0,4.0,3.0,4.0,5.0,5.0,5.0,5.0,4.0,4.0,5.0,4.0,4.0,4.0,80.0,8.8,,,
2025-12-20,Dan Denham,5.0,6.0,4.0,5.0,4.0,4.0,3.0,3.0,6.0,4.0,5.0,5.0,3.0,5.0,5.0,4.0,4.0,6.0,81.0,6.5,,,
2025-12-20,Dana Beckley,6.0,5.0,3.0,7.0,6.0,4.0,3.0,6.0,6.0,6.0,6.0,7.0,7.0,4.0,4.0,5.0,5.0,6.0,96.0,6.9,,,
2025-12-20,David Pearson,6.0,4.0,3.0,6.0,5.0,5.0,3.0,4.0,5.0,5.0,6.0,5.0,3.0,5.0,5.0,4.0,3.0,6.0,83.0,9.6,Ron Marino,3,
2025-12-20,Derek Becko,6.0,3.0,3.0,5.0,4.0,5.0,4.0,4.0,5.0,4.0,5.0,4.0,3.0,4.0,4.0,4.0,5.0,7.0,79.0,3.5,Rick Meewes,T1,
2025-12-20,Dusty Wasmund,7.0,4.0,2.0,5.0,5.0,4.0,4.0,6.0,4.0,5.0,5.0,5.0,3.0,5.0,4.0,4.0,5.0,5.0,82.0,7.6,,,
2025-12-20,Eric Weiss,4.0,4.0,3.0,4.0,5.0,4.0,3.0,4.0,5.0,4.0,5.0,4.0,4.0,4.0,5.0,5.0,4.0,5.0,76.0,1.0,,,T3
2025-12-20,Glenn Brand,5.0,6.0,4.0,7.0,6.0,3.0,4.0,6.0,6.0,5.0,6.0,5.0,5.0,5.0,5.0,6.0,5.0,7.0,96.0,11.1,,,
2025-12-20,Jeff Cloepfil,5.0,4.0,4.0,6.0,6.0,3.0,3.0,6.0,5.0,4.0,7.0,5.0,3.0,5.0,5.0,5.0,5.0,6.0,87.0,12.0,,,
2025-12-20,Jeff De Laveaga,4.0,3.0,3.0,5.0,3.0,5.0,4.0,4.0,5.0,3.0,5.0,3.0,4.0,4.0,4.0,3.0,4.0,4.0,70.0,0.5,,,1
2025-12-20,Jim Restivo,4.0,5.0,4.0,4.0,3.0,5.0,3.0,7.0,5.0,5.0,5.0,5.0,4.0,4.0,8.0,6.0,5.0,7.0,89.0,12.7,,,
2025-12-20,Joe Sepessy,5.0,4.0,3.0,5.0,4.0,4.0,3.0,4.0,6.0,4.0,6.0,5.0,4.0,4.0,5.0,4.0,4.0,5.0,79.0,6.1,,,
2025-12-20,Jon Vrolyks,5.0,5.0,4.0,6.0,6.0,6.0,4.0,5.0,7.0,4.0,5.0,5.0,4.0,5.0,4.0,4.0,4.0,5.0,88.0,5.7,,,
2025-12-20,Justin Deuker,5.0,5.0,3.0,5.0,4.0,3.0,3.0,5.0,6.0,4.0,6.0,4.0,3.0,4.0,4.0,4.0,4.0,7.0,79.0,3.0,,,
2025-12-20,Kevin Barber,6.0,4.0,2.0,5.0,5.0,4.0,4.0,5.0,5.0,5.0,6.0,6.0,3.0,4.0,5.0,5.0,3.0,7.0,84.0,15.3,,,
2025-12-20,Kiernan Mattson,5.0,4.0,4.0,6.0,6.0,4.0,3.0,4.0,6.0,3.0,4.0,5.0,3.0,4.0,5.0,4.0,4.0,5.0,79.0,1.4,,,
2025-12-20,Korey Jerome,6.0,5.0,3.0,6.0,6.0,5.0,4.0,6.0,6.0,5.0,5.0,6.0,3.0,5.0,6.0,6.0,5.0,9.0,97.0,9.3,,,
2025-12-20,Mark Albedyll,6.0,5.0,5.0,7.0,5.0,6.0,4.0,6.0,4.0,5.0,7.0,6.0,5.0,4.0,6.0,7.0,5.0,7.0,100.0,14.7,,,
2025-12-20,Mark Lewis,5.0,4.0,3.0,7.0,6.0,4.0,3.0,4.0,5.0,5.0,7.0,5.0,5.0,5.0,5.0,6.0,4.0,5.0,88.0,10.4,,,
2025-12-20,Matt Neimeier,4.0,5.0,4.0,6.0,6.0,5.0,3.0,5.0,7.0,4.0,7.0,8.0,3.0,8.0,5.0,4.0,3.0,5.0,92.0,12.2,,,
2025-12-20,Mike Muller,5.0,5.0,4.0,5.0,5.0,5.0,4.0,5.0,6.0,5.0,6.0,5.0,4.0,5.0,5.0,4.0,4.0,7.0,89.0,7.0,,,
2025-12-20,Neil Harris,4.0,4.0,3.0,4.0,4.0,4.0,4.0,5.0,6.0,4.0,5.0,3.0,3.0,4.0,4.0,3.0,4.0,5.0,73.0,-1.7,,,2
2025-12-20,Patrick Schueppert,8.0,6.0,5.0,5.0,4.0,4.0,5.0,8.0,5.0,5.0,7.0,9.0,3.0,5.0,4.0,6.0,5.0,8.0,102.0,16.8,,,
2025-12-20,Paul Benga,4.0,4.0,3.0,5.0,4.0,5.0,3.0,4.0,5.0,5.0,6.0,5.0,6.0,4.0,4.0,4.0,4.0,5.0,80.0,4.2,,,
2025-12-20,Rich McKeon,4.0,4.0,3.0,6.0,4.0,5.0,4.0,4.0,5.0,5.0,6.0,4.0,6.0,5.0,5.0,5.0,4.0,7.0,86.0,11.0,Christopher Royce,T1,
2025-12-20,Rick Meewes,4.0,5.0,3.0,4.0,6.0,5.0,3.0,5.0,6.0,4.0,5.0,4.0,2.0,3.0,4.0,4.0,4.0,6.0,77.0,6.5,Derek Becko,T1,
2025-12-20,Rob Oliver,5.0,4.0,4.0,6.0,5.0,5.0,3.0,6.0,7.0,6.0,5.0,5.0,3.0,4.0,6.0,4.0,5.0,7.0,90.0,17.8,,,
2025-12-20,Ron Amstutz,5.0,5.0,4.0,6.0,5.0,5.0,3.0,5.0,6.0,8.0,5.0,6.0,4.0,5.0,5.0,5.0,3.0,6.0,91.0,12.2,,,
2025-12-20,Ron Marino,4.0,5.0,4.0,5.0,4.0,3.0,3.0,4.0,4.0,5.0,5.0,5.0,3.0,5.0,4.0,5.0,4.0,7.0,79.0,7.2,David Pearson,3,
2025-12-20,Scott Benton,6.0,6.0,4.0,5.0,6.0,4.0,4.0,6.0,7.0,5.0,6.0,4.0,3.0,4.0,4.0,4.0,4.0,6.0,88.0,12.4,,,
2025-12-20,Shane Bolosan,5.0,5.0,3.0,4.0,5.0,4.0,5.0,4.0,6.0,5.0,6.0,5.0,4.0,5.0,4.0,4.0,6.0,6.0,86.0,7.9,,,
2025-12-20,Steve McCormick,5.0,5.0,3.0,5.0,5.0,4.0,3.0,5.0,5.0,5.0,5.0,5.0,4.0,4.0,5.0,5.0,4.0,7.0,84.0,9.2,,,
2025-12-20,Steve Rosenbluth,4.0,4.0,4.0,6.0,5.0,4.0,3.0,6.0,6.0,4.0,6.0,5.0,4.0,5.0,4.0,4.0,4.0,6.0,84.0,8.4,,,
2025-12-20,Todd Densley,4.0,4.0,2.0,6.0,4.0,4.0,3.0,3.0,5.0,4.0,5.0,5.0,3.0,5.0,4.0,4.0,4.0,7.0,76.0,-0.8,,,T3
2025-12-20,Travis Ingram,3.0,5.0,4.0,6.0,4.0,5.0,3.0,4.0,5.0,4.0,6.0,6.0,3.0,5.0,4.0,3.0,2.0,7.0,79.0,6.6,,,
2025-12-20,Win Doolittle,8.0,4.0,5.0,5.0,5.0,4.0,3.0,6.0,6.0,4.0,4.0,6.0,4.0,5.0,4.0,5.0,4.0,8.0,90.0,8.0,,,
2026-01-17,Andy Meach,5.0,4.0,2.0,6.0,4.0,5.0,4.0,4.0,5.0,4.0,6.0,5.0,6.0,4.0,4.0,4.0,4.0,5.0,81.0,7.5,,,
2026-01-17,Buddy Goldstone,5.0,5.0,4.0,5.0,6.0,6.0,4.0,7.0,5.0,5.0,6.0,5.0,6.0,4.0,4.0,4.0,4.0,7.0,92.0,12.8,,,
2026-01-17,Chris Husong,4.0,5.0,4.0,5.0,4.0,4.0,4.0,4.0,7.0,5.0,5.0,4.0,4.0,4.0,5.0,4.0,4.0,5.0,81.0,8.1,Scott Lucas,1,
2026-01-17,Chris Ryan,3.0,4.0,3.0,6.0,5.0,6.0,6.0,4.0,6.0,6.0,6.0,6.0,4.0,7.0,5.0,3.0,4.0,6.0,90.0,14.8,,,
2026-01-17,Christopher Royce,6.0,4.0,5.0,8.0,5.0,4.0,4.0,5.0,4.0,5.0,6.0,6.0,6.0,5.0,5.0,3.0,4.0,8.0,93.0,13.4,Korey Jerome,T2,
2026-01-17,David Adams,7.0,5.0,4.0,5.0,5.0,3.0,3.0,5.0,5.0,4.0,6.0,5.0,4.0,6.0,4.0,3.0,3.0,6.0,83.0,8.4,Patrick Schueppert,T2,
2026-01-17,Dusty Wasmund,5.0,5.0,4.0,5.0,5.0,6.0,2.0,5.0,6.0,4.0,5.0,4.0,6.0,4.0,4.0,4.0,3.0,5.0,82.0,9.1,,,
2026-01-17,Eric Weiss,4.0,4.0,3.0,5.0,4.0,5.0,3.0,4.0,4.0,4.0,4.0,4.0,3.0,4.0,5.0,5.0,3.0,3.0,71.0,0.5,,,
2026-01-17,Frank Angeloro,4.0,5.0,3.0,8.0,6.0,4.0,4.0,4.0,5.0,4.0,5.0,4.0,4.0,5.0,5.0,3.0,3.0,5.0,81.0,8.6,Richard Lederman,T2,
2026-01-17,Glenn Brand,6.0,5.0,3.0,7.0,5.0,4.0,4.0,4.0,5.0,4.0,6.0,6.0,3.0,6.0,4.0,5.0,4.0,6.0,87.0,10.9,,,
2026-01-17,Greg Funk,4.0,4.0,3.0,5.0,4.0,4.0,3.0,5.0,6.0,4.0,5.0,4.0,4.0,5.0,5.0,4.0,4.0,5.0,78.0,5.5,,,
2026-01-17,James Feutz,4.0,3.0,3.0,5.0,4.0,4.0,4.0,4.0,5.0,5.0,4.0,4.0,3.0,4.0,3.0,3.0,3.0,4.0,69.0,-1.6,,,2
2026-01-17,Jamey Davis,4.0,4.0,3.0,5.0,5.0,4.0,5.0,6.0,6.0,3.0,6.0,5.0,5.0,5.0,3.0,6.0,4.0,6.0,85.0,13.0,Kiernan Mattson,T2,
2026-01-17,Jared Strathe,4.0,3.0,3.0,4.0,4.0,3.0,3.0,4.0,5.0,4.0,4.0,5.0,4.0,3.0,4.0,3.0,2.0,5.0,67.0,-4.6,,,1
2026-01-17,Jeff De Laveaga,4.0,4.0,3.0,4.0,4.0,5.0,4.0,4.0,5.0,4.0,5.0,4.0,3.0,4.0,4.0,3.0,3.0,5.0,72.0,0.0,Ron Amstutz,T2,
2026-01-17,Jim Restivo,6.0,6.0,3.0,5.0,5.0,6.0,5.0,6.0,7.0,5.0,5.0,5.0,3.0,4.0,4.0,4.0,4.0,5.0,88.0,12.7,,,
2026-01-17,Jon Vrolyks,6.0,4.0,3.0,5.0,5.0,4.0,4.0,4.0,5.0,5.0,6.0,4.0,5.0,4.0,4.0,4.0,4.0,6.0,82.0,6.0,,,
2026-01-17,Justin Deuker,6.0,5.0,3.0,6.0,4.0,5.0,4.0,5.0,5.0,4.0,5.0,4.0,3.0,3.0,4.0,5.0,4.0,5.0,80.0,3.7,,,
2026-01-17,Ken Vonwald,4.0,7.0,2.0,7.0,8.0,5.0,6.0,5.0,6.0,6.0,6.0,5.0,5.0,4.0,6.0,3.0,4.0,6.0,95.0,14.2,,,
2026-01-17,Kevin Barber,6.0,5.0,5.0,7.0,7.0,4.0,4.0,6.0,5.0,5.0,5.0,5.0,5.0,5.0,6.0,5.0,5.0,6.0,96.0,16.4,,,
2026-01-17,Kiernan Mattson,5.0,5.0,3.0,5.0,4.0,4.0,3.0,5.0,5.0,4.0,5.0,4.0,3.0,4.0,4.0,3.0,4.0,4.0,74.0,2.8,Jamey Davis,T2,
2026-01-17,Korey Jerome,5.0,3.0,3.0,4.0,4.0,6.0,4.0,5.0,6.0,4.0,8.0,4.0,4.0,4.0,6.0,3.0,3.0,6.0,82.0,10.6,Christopher Royce,T2,
2026-01-17,Mark Lewis,5.0,5.0,3.0,5.0,6.0,4.0,4.0,5.0,6.0,5.0,6.0,4.0,4.0,6.0,4.0,5.0,3.0,8.0,88.0,10.5,,,
2026-01-17,Matt Pullen,5.0,4.0,3.0,5.0,5.0,3.0,2.0,4.0,4.0,4.0,5.0,3.0,5.0,4.0,4.0,3.0,4.0,6.0,73.0,-0.1,,,
2026-01-17,Nate Adams,4.0,3.0,3.0,5.0,5.0,4.0,3.0,3.0,4.0,4.0,4.0,4.0,3.0,5.0,4.0,4.0,3.0,5.0,70.0,-5.7,Rich Fagan,T2,3
2026-01-17,Patrick Schueppert,4.0,6.0,3.0,6.0,5.0,4.0,3.0,4.0,6.0,5.0,6.0,6.0,4.0,5.0,6.0,5.0,3.0,8.0,89.0,16.8,David Adams,T2,
2026-01-17,Paul Benga,5.0,4.0,4.0,6.0,4.0,5.0,3.0,4.0,5.0,3.0,6.0,4.0,2.0,4.0,4.0,5.0,3.0,6.0,77.0,4.8,,,
2026-01-17,Rich Fagan,3.0,4.0,4.0,7.0,5.0,7.0,4.0,3.0,5.0,4.0,5.0,4.0,5.0,3.0,4.0,5.0,3.0,5.0,80.0,11.7,Nate Adams,T2,
2026-01-17,Richard Lederman,4.0,5.0,3.0,6.0,5.0,4.0,3.0,4.0,7.0,7.0,6.0,5.0,3.0,4.0,4.0,5.0,5.0,7.0,87.0,13.6,Frank Angeloro,T2,
2026-01-17,Rick Deloney,5.0,6.0,3.0,6.0,5.0,4.0,4.0,5.0,6.0,5.0,7.0,5.0,4.0,4.0,4.0,5.0,4.0,6.0,88.0,7.3,,,
2026-01-17,Rick Meewes,4.0,4.0,3.0,5.0,5.0,5.0,5.0,3.0,5.0,5.0,5.0,4.0,3.0,3.0,4.0,3.0,3.0,5.0,74.0,3.8,,,
2026-01-17,Ron Amstutz,6.0,4.0,4.0,6.0,5.0,3.0,3.0,6.0,5.0,4.0,6.0,4.0,5.0,4.0,4.0,5.0,3.0,10.0,87.0,12.4,Jeff De Laveaga,T2,
2026-01-17,Scott Benton,7.0,4.0,4.0,7.0,4.0,7.0,6.0,5.0,6.0,5.0,6.0,5.0,3.0,7.0,5.0,4.0,3.0,6.0,94.0,12.0,,,
2026-01-17,Scott Bracken,4.0,4.0,2.0,6.0,6.0,3.0,4.0,5.0,4.0,5.0,5.0,5.0,4.0,3.0,4.0,4.0,4.0,5.0,77.0,9.8,,,
2026-01-17,Scott Lucas,4.0,4.0,3.0,5.0,4.0,5.0,4.0,5.0,5.0,3.0,4.0,6.0,4.0,5.0,4.0,3.0,3.0,6.0,77.0,11.8,Chris Husong,1,
2026-01-17,Shawn Warner,4.0,4.0,4.0,6.0,6.0,4.0,5.0,5.0,5.0,4.0,5.0,5.0,5.0,3.0,6.0,4.0,4.0,6.0,85.0,12.6,,,
2026-01-17,Steve Rosenbluth,5.0,4.0,3.0,6.0,5.0,5.0,5.0,5.0,6.0,4.0,5.0,4.0,5.0,4.0,4.0,4.0,4.0,5.0,83.0,9.4,,,
2026-01-17,Thomas Earl,5.0,4.0,3.0,6.0,5.0,6.0,5.0,5.0,5.0,4.0,4.0,4.0,3.0,5.0,5.0,5.0,3.0,6.0,83.0,4.3,,,
2026-01-17,Todd Densley,3.0,4.0,3.0,5.0,4.0,4.0,6.0,5.0,5.0,5.0,5.0,4.0,4.0,4.0,4.0,3.0,4.0,6.0,78.0,0.0,,,
2026-01-17,Travis Ingram,5.0,5.0,4.0,5.0,5.0,4.0,4.0,4.0,5.0,5.0,6.0,6.0,4.0,4.0,4.0,5.0,3.0,6.0,84.0,6.8,,,
